response_id,campaign_id,customer_id,responded,purchase_made
950001,9012,10200,1,0
950002,9015,10766,1,0
950003,9005,10403,0,0
950004,9005,10245,0,0
950005,9016,10483,0,0
950006,9009,10576,0,0
950007,9015,10811,0,0
950008,9004,10812,0,0
950009,9017,10665,0,0
950010,9001,10017,1,1
950011,9016,10039,0,0
950012,9020,10665,0,0
950013,9017,10867,1,0
950014,9004,10295,0,0
950015,9013,10039,1,0
950016,9008,10187,1,0
950017,9018,10750,0,0
950018,9013,10962,0,0
950019,9009,10784,0,0
950020,9005,10309,0,0
950021,9011,10362,0,0
950022,9014,10462,0,0
950023,9018,10669,0,0
950024,9018,10231,0,0
950025,9020,10706,0,0
950026,9016,10250,0,0
950027,9004,10778,1,1
950028,9019,10002,0,0
950029,9005,10475,0,0
950030,9002,10653,0,0
950031,9017,10182,0,0
950032,9004,10002,0,0
950033,9006,10170,0,0
950034,9018,10270,0,0
950035,9006,10977,0,0
950036,9020,10307,0,0
950037,9015,10876,0,0
950038,9001,10049,0,0
950039,9017,10422,0,0
950040,9002,10996,1,0
950041,9004,10930,0,0
950042,9003,10285,0,0
950043,9003,10879,1,1
950044,9014,10380,0,0
950045,9020,10832,0,0
950046,9008,10791,0,0
950047,9008,10791,0,0
950048,9009,10504,0,0
950049,9018,10784,1,0
950050,9007,10556,0,0
950051,9010,10572,0,0
950052,9001,10199,1,0
950053,9004,10109,1,1
950054,9020,10065,0,0
950055,9004,10915,0,0
950056,9014,10685,0,0
950057,9005,10353,0,0
950058,9005,10098,0,0
950059,9019,10129,0,0
950060,9005,10268,0,0
950061,9011,10409,0,0
950062,9002,10087,1,1
950063,9015,10601,1,1
950064,9014,10991,0,0
950065,9014,10856,0,0
950066,9008,10394,0,0
950067,9020,10450,0,0
950068,9008,10929,0,0
950069,9005,10741,0,0
950070,9005,10471,1,0
950071,9014,10642,0,0
950072,9005,10644,0,0
950073,9009,10919,0,0
950074,9011,10765,0,0
950075,9017,10110,0,0
950076,9012,10809,0,0
950077,9012,10294,1,0
950078,9016,10215,0,0
950079,9001,10312,0,0
950080,9018,10204,1,0
950081,9006,10428,0,0
950082,9005,10960,0,0
950083,9018,10536,0,0
950084,9013,10093,0,0
950085,9006,10681,1,1
950086,9007,10028,0,0
950087,9003,10318,1,1
950088,9011,10399,0,0
950089,9008,10702,0,0
950090,9004,10266,0,0
950091,9010,10896,0,0
950092,9009,10994,1,1
950093,9013,10285,1,1
950094,9019,10927,0,0
950095,9015,10063,0,0
950096,9005,10599,0,0
950097,9013,10914,0,0
950098,9012,10519,0,0
950099,9009,10667,0,0
950100,9008,10905,0,0
950101,9009,10020,0,0
950102,9013,10764,0,0
950103,9009,10885,1,1
950104,9006,10981,0,0
950105,9006,10348,1,1
950106,9011,10050,0,0
950107,9010,10189,0,0
950108,9014,10067,0,0
950109,9006,10365,1,0
950110,9007,10202,0,0
950111,9009,10913,1,0
950112,9003,10099,0,0
950113,9012,10661,0,0
950114,9016,10969,1,1
950115,9013,10977,0,0
950116,9006,10160,1,1
950117,9013,10816,1,0
950118,9005,10678,0,0
950119,9004,10028,0,0
950120,9008,10466,1,0
950121,9003,10700,0,0
950122,9002,10838,0,0
950123,9020,10826,0,0
950124,9019,10198,1,1
950125,9007,10209,0,0
950126,9012,10437,0,0
950127,9004,10266,0,0
950128,9010,10770,1,0
950129,9009,10993,0,0
950130,9012,10491,1,1
950131,9011,10409,0,0
950132,9019,10934,0,0
950133,9002,10257,0,0
950134,9006,10336,0,0
950135,9006,10858,0,0
950136,9001,10233,0,0
950137,9007,10716,0,0
950138,9012,10073,1,0
950139,9012,10013,1,1
950140,9020,10583,0,0
950141,9006,10505,1,0
950142,9014,10001,1,0
950143,9017,10159,0,0
950144,9017,10509,0,0
950145,9018,10483,0,0
950146,9013,10216,0,0
950147,9013,10195,1,1
950148,9011,10312,0,0
950149,9003,10403,0,0
950150,9017,10004,0,0
950151,9002,10765,1,0
950152,9002,10796,0,0
950153,9007,10812,0,0
950154,9010,10542,0,0
950155,9014,10804,1,1
950156,9019,10949,1,1
950157,9017,10106,0,0
950158,9016,10122,0,0
950159,9017,10955,0,0
950160,9018,10708,1,0
950161,9011,10983,0,0
950162,9019,10715,1,0
950163,9011,10772,0,0
950164,9010,10267,1,1
950165,9014,10241,0,0
950166,9014,10053,0,0
950167,9010,10124,0,0
950168,9004,10088,0,0
950169,9010,10310,0,0
950170,9006,10756,0,0
950171,9011,10852,0,0
950172,9018,10557,0,0
950173,9006,10913,0,0
950174,9015,10576,0,0
950175,9006,10698,1,0
950176,9020,10013,0,0
950177,9001,10209,0,0
950178,9009,10435,1,0
950179,9014,10052,0,0
950180,9003,10911,0,0
950181,9001,10900,0,0
950182,9014,10850,0,0
950183,9014,10107,0,0
950184,9004,10521,1,0
950185,9014,10624,0,0
950186,9004,10120,1,1
950187,9011,10067,1,1
950188,9020,10987,0,0
950189,9009,10082,0,0
950190,9011,10977,0,0
950191,9015,10714,0,0
950192,9006,10697,0,0
950193,9012,10869,1,1
950194,9013,10888,0,0
950195,9018,10669,1,0
950196,9014,10943,0,0
950197,9011,10628,1,1
950198,9002,10114,0,0
950199,9019,10645,0,0
950200,9002,10760,1,0
950201,9017,10623,0,0
950202,9008,10454,0,0
950203,9005,10960,0,0
950204,9011,10232,0,0
950205,9020,10571,0,0
950206,9001,10803,0,0
950207,9020,10773,0,0
950208,9016,10562,1,0
950209,9005,10316,0,0
950210,9016,10783,1,0
950211,9005,10475,0,0
950212,9010,10876,0,0
950213,9009,10371,0,0
950214,9019,10615,0,0
950215,9003,10993,0,0
950216,9009,10664,0,0
950217,9020,10533,1,0
950218,9008,10258,1,1
950219,9004,10723,0,0
950220,9011,10429,1,0
950221,9004,10500,0,0
950222,9012,10594,0,0
950223,9007,10010,1,1
950224,9008,10941,0,0
950225,9010,10677,0,0
950226,9013,10663,0,0
950227,9014,10685,0,0
950228,9016,10425,0,0
950229,9007,10577,0,0
950230,9016,10762,1,0
950231,9017,10512,0,0
950232,9020,10317,0,0
950233,9019,10630,1,0
950234,9012,10134,0,0
950235,9009,10961,0,0
950236,9008,10018,1,0
950237,9009,10347,1,0
950238,9005,10368,0,0
950239,9010,10767,1,1
950240,9005,10168,1,0
950241,9014,10934,0,0
950242,9018,10941,0,0
950243,9007,10017,0,0
950244,9008,10986,0,0
950245,9005,10909,0,0
950246,9006,10522,1,0
950247,9020,10507,0,0
950248,9009,10742,0,0
950249,9009,10474,0,0
950250,9008,10543,0,0
950251,9017,10727,0,0
950252,9008,10306,0,0
950253,9001,10379,0,0
950254,9018,10340,1,1
950255,9015,10151,0,0
950256,9016,10045,0,0
950257,9002,10987,0,0
950258,9013,10207,1,1
950259,9002,10422,0,0
950260,9014,10139,0,0
950261,9007,10392,1,1
950262,9011,10846,0,0
950263,9015,10384,0,0
950264,9017,10781,0,0
950265,9017,10726,0,0
950266,9015,10674,0,0
950267,9016,10449,0,0
950268,9009,10869,0,0
950269,9020,10992,0,0
950270,9019,10203,0,0
950271,9009,10010,0,0
950272,9006,10350,1,1
950273,9001,10076,0,0
950274,9005,10746,0,0
950275,9005,10745,0,0
950276,9001,10738,0,0
950277,9001,10887,1,0
950278,9006,10217,1,0
950279,9009,10292,1,0
950280,9019,10004,0,0
950281,9005,10378,1,0
950282,9017,10661,0,0
950283,9020,10893,0,0
950284,9012,10701,0,0
950285,9006,10606,1,0
950286,9013,10038,0,0
950287,9008,10588,1,0
950288,9003,10295,0,0
950289,9011,10089,1,1
950290,9020,10822,0,0
950291,9001,10830,0,0
950292,9014,10275,1,1
950293,9013,10514,0,0
950294,9015,10150,0,0
950295,9008,10606,1,0
950296,9015,10313,1,1
950297,9013,10100,0,0
950298,9001,10259,0,0
950299,9011,10279,0,0
950300,9020,10004,0,0
950301,9015,10412,0,0
950302,9004,10590,0,0
950303,9006,10710,0,0
950304,9012,10326,0,0
950305,9001,10937,0,0
950306,9010,10677,0,0
950307,9018,10519,0,0
950308,9001,10973,0,0
950309,9007,10001,0,0
950310,9002,10600,1,0
950311,9008,10418,1,0
950312,9001,10180,0,0
950313,9019,10010,0,0
950314,9006,10375,1,1
950315,9011,10956,1,1
950316,9019,10646,0,0
950317,9010,10452,0,0
950318,9016,10968,0,0
950319,9016,10110,0,0
950320,9010,10125,1,0
950321,9018,10432,1,1
950322,9018,10719,0,0
950323,9003,10301,0,0
950324,9012,10652,0,0
950325,9010,10103,0,0
950326,9016,10623,0,0
950327,9009,10070,0,0
950328,9018,10885,0,0
950329,9013,10917,0,0
950330,9014,10110,1,0
950331,9019,10224,0,0
950332,9014,10224,0,0
950333,9002,10731,0,0
950334,9011,10751,0,0
950335,9008,10631,0,0
950336,9003,10843,0,0
950337,9015,10214,0,0
950338,9013,10548,1,0
950339,9008,10343,0,0
950340,9013,10357,0,0
950341,9016,10791,0,0
950342,9001,10439,0,0
950343,9002,10256,0,0
950344,9013,10667,1,1
950345,9014,10482,0,0
950346,9002,10404,0,0
950347,9016,10783,1,1
950348,9014,10042,0,0
950349,9007,10388,0,0
950350,9014,10029,0,0
950351,9018,10695,0,0
950352,9017,11000,0,0
950353,9005,10203,0,0
950354,9011,10561,1,0
950355,9018,10327,0,0
950356,9016,10843,0,0
950357,9010,10054,1,0
950358,9006,10490,0,0
950359,9014,10417,1,1
950360,9002,10734,0,0
950361,9009,10864,0,0
950362,9013,10360,0,0
950363,9020,10549,1,0
950364,9012,10205,0,0
950365,9002,10903,0,0
950366,9003,10280,0,0
950367,9013,10055,0,0
950368,9001,10907,0,0
950369,9020,10223,0,0
950370,9004,10108,0,0
950371,9018,10718,0,0
950372,9013,10684,0,0
950373,9006,10602,0,0
950374,9006,10509,0,0
950375,9015,10961,0,0
950376,9018,10006,0,0
950377,9017,10507,1,1
950378,9014,10799,1,1
950379,9004,10171,0,0
950380,9001,10875,0,0
950381,9008,10268,0,0
950382,9011,10193,1,0
950383,9013,10756,1,0
950384,9017,10180,0,0
950385,9014,10760,1,0
950386,9017,10070,1,1
950387,9020,10733,0,0
950388,9001,10030,0,0
950389,9008,10119,0,0
950390,9019,10717,0,0
950391,9011,10510,0,0
950392,9010,10734,0,0
950393,9001,10460,0,0
950394,9005,10638,1,0
950395,9016,10458,1,0
950396,9020,10567,0,0
950397,9020,10039,1,1
950398,9005,10970,0,0
950399,9016,10850,0,0
950400,9003,10262,0,0
950401,9002,10184,0,0
950402,9017,10520,0,0
950403,9001,10980,1,1
950404,9016,10823,0,0
950405,9002,10873,0,0
950406,9020,10528,0,0
950407,9007,10888,1,1
950408,9011,10386,0,0
950409,9006,10576,0,0
950410,9002,10253,1,1
950411,9014,10011,1,0
950412,9004,10600,1,0
950413,9019,10211,0,0
950414,9002,10516,1,0
950415,9002,10643,1,0
950416,9013,10783,1,0
950417,9013,10360,0,0
950418,9003,10068,0,0
950419,9006,10427,0,0
950420,9017,10849,0,0
950421,9001,10009,0,0
950422,9007,10537,1,1
950423,9007,10577,0,0
950424,9013,10616,0,0
950425,9009,10066,0,0
950426,9018,10695,0,0
950427,9001,10173,0,0
950428,9011,10801,0,0
950429,9011,10022,1,1
950430,9010,10042,1,1
950431,9017,10204,0,0
950432,9017,10155,1,1
950433,9012,10523,0,0
950434,9010,10810,1,0
950435,9012,10462,1,1
950436,9006,10078,0,0
950437,9006,10104,0,0
950438,9006,10278,0,0
950439,9020,10649,0,0
950440,9008,10719,0,0
950441,9005,10763,0,0
950442,9006,10737,0,0
950443,9002,10057,0,0
950444,9017,10339,0,0
950445,9008,10799,0,0
950446,9009,10274,0,0
950447,9008,10908,0,0
950448,9011,10680,0,0
950449,9010,10890,0,0
950450,9017,10869,0,0
950451,9020,10685,0,0
950452,9013,10433,0,0
950453,9009,10897,0,0
950454,9015,10610,1,0
950455,9013,10391,0,0
950456,9013,10898,0,0
950457,9013,10889,1,0
950458,9004,10342,1,0
950459,9010,10260,1,1
950460,9015,10685,0,0
950461,9010,10174,0,0
950462,9008,10724,1,0
950463,9010,10195,0,0
950464,9017,10777,0,0
950465,9005,10978,0,0
950466,9013,10441,0,0
950467,9019,10272,1,1
950468,9012,10307,0,0
950469,9012,10308,1,0
950470,9002,10649,0,0
950471,9009,10595,0,0
950472,9002,10902,0,0
950473,9001,10556,1,1
950474,9014,10207,0,0
950475,9013,10117,0,0
950476,9003,10902,0,0
950477,9020,10005,0,0
950478,9005,10733,0,0
950479,9002,10942,0,0
950480,9018,10795,1,1
950481,9009,10499,0,0
950482,9012,10626,0,0
950483,9005,10762,0,0
950484,9018,10301,0,0
950485,9002,10425,0,0
950486,9010,10090,0,0
950487,9010,10028,0,0
950488,9003,10950,1,1
950489,9014,10544,0,0
950490,9005,10217,0,0
950491,9013,10821,0,0
950492,9017,10071,0,0
950493,9006,10764,0,0
950494,9013,10030,0,0
950495,9012,10256,0,0
950496,9003,10821,0,0
950497,9016,10671,0,0
950498,9005,10396,0,0
950499,9002,10521,0,0
950500,9011,10994,0,0
950501,9004,10323,1,0
950502,9001,10933,0,0
950503,9013,10370,1,0
950504,9018,10156,0,0
950505,9016,10214,1,0
950506,9002,10666,0,0
950507,9009,10083,0,0
950508,9012,10405,0,0
950509,9005,10613,0,0
950510,9005,10010,0,0
950511,9013,10848,0,0
950512,9016,10280,0,0
950513,9019,10281,0,0
950514,9009,10692,0,0
950515,9016,10090,0,0
950516,9019,10129,0,0
950517,9004,10309,0,0
950518,9015,10964,1,1
950519,9009,10485,0,0
950520,9016,10107,0,0
950521,9006,10974,0,0
950522,9008,10505,0,0
950523,9001,10792,0,0
950524,9014,10283,1,0
950525,9004,10107,1,1
950526,9010,10155,0,0
950527,9016,10856,1,0
950528,9004,10232,0,0
950529,9002,10449,0,0
950530,9002,10380,0,0
950531,9013,10807,0,0
950532,9011,10333,0,0
950533,9010,10596,0,0
950534,9006,10870,0,0
950535,9007,10932,0,0
950536,9015,10076,0,0
950537,9020,10965,0,0
950538,9019,10261,0,0
950539,9003,10337,1,1
950540,9014,10230,0,0
950541,9002,10906,1,0
950542,9016,10784,1,0
950543,9017,10984,0,0
950544,9015,10221,1,0
950545,9013,10693,0,0
950546,9012,10398,0,0
950547,9007,10714,0,0
950548,9020,10797,1,1
950549,9020,10412,0,0
950550,9003,10630,0,0
950551,9009,10629,0,0
950552,9003,10401,0,0
950553,9016,10709,0,0
950554,9020,10706,0,0
950555,9003,10804,0,0
950556,9008,10498,0,0
950557,9008,10616,0,0
950558,9015,10174,1,1
950559,9005,10301,0,0
950560,9013,10103,1,0
950561,9015,10521,0,0
950562,9007,10164,0,0
950563,9012,10005,0,0
950564,9003,10847,1,1
950565,9008,10841,1,0
950566,9010,10601,0,0
950567,9002,10178,0,0
950568,9008,10796,1,0
950569,9018,10027,0,0
950570,9012,10878,0,0
950571,9018,10687,0,0
950572,9019,10161,0,0
950573,9005,10115,0,0
950574,9016,10378,1,0
950575,9017,10097,0,0
950576,9009,10678,0,0
950577,9010,10136,0,0
950578,9019,10388,0,0
950579,9012,10880,0,0
950580,9001,10164,0,0
950581,9017,10875,0,0
950582,9003,10415,0,0
950583,9007,10714,0,0
950584,9020,10945,0,0
950585,9009,10681,0,0
950586,9005,10136,0,0
950587,9009,10158,0,0
950588,9019,10398,1,1
950589,9011,10813,0,0
950590,9014,10739,0,0
950591,9014,10366,1,0
950592,9008,10302,0,0
950593,9020,10963,0,0
950594,9001,10349,0,0
950595,9004,10784,0,0
950596,9016,10394,1,0
950597,9001,10324,0,0
950598,9019,10948,0,0
950599,9003,10050,0,0
950600,9002,10324,0,0
950601,9017,10514,0,0
950602,9011,10843,1,1
950603,9003,10463,0,0
950604,9007,10075,0,0
950605,9010,10759,0,0
950606,9003,10501,0,0
950607,9008,10727,0,0
950608,9005,10742,1,1
950609,9010,10754,0,0
950610,9012,10990,0,0
950611,9018,10188,0,0
950612,9006,10946,0,0
950613,9008,10129,0,0
950614,9018,10493,1,1
950615,9006,10097,0,0
950616,9009,10365,0,0
950617,9016,10501,0,0
950618,9011,10165,0,0
950619,9002,10919,0,0
950620,9017,10177,0,0
950621,9013,10629,0,0
950622,9007,10722,1,1
950623,9010,10970,0,0
950624,9013,10960,1,0
950625,9010,10273,1,1
950626,9004,10327,0,0
950627,9011,10399,0,0
950628,9009,10563,1,0
950629,9016,10411,0,0
950630,9017,10777,0,0
950631,9005,10064,0,0
950632,9005,10447,0,0
950633,9006,10341,0,0
950634,9002,10949,0,0
950635,9014,10229,1,1
950636,9011,10505,0,0
950637,9019,10861,0,0
950638,9011,10810,0,0
950639,9020,10749,0,0
950640,9006,10737,1,0
950641,9013,10629,0,0
950642,9019,10250,1,0
950643,9003,10070,0,0
950644,9016,10512,0,0
950645,9009,10345,0,0
950646,9003,10547,1,0
950647,9019,10273,0,0
950648,9015,10556,0,0
950649,9013,10987,0,0
950650,9017,10939,1,0
950651,9008,10872,0,0
950652,9014,10345,0,0
950653,9009,10460,0,0
950654,9003,10107,0,0
950655,9009,10886,0,0
950656,9012,10741,0,0
950657,9015,10764,1,1
950658,9017,10488,0,0
950659,9009,10044,1,0
950660,9008,10502,0,0
950661,9006,10934,0,0
950662,9009,10425,0,0
950663,9015,10921,0,0
950664,9018,10049,0,0
950665,9011,10060,0,0
950666,9014,10258,0,0
950667,9013,10577,0,0
950668,9013,10114,1,1
950669,9013,10771,0,0
950670,9016,10349,0,0
950671,9012,10398,0,0
950672,9018,10941,0,0
950673,9012,10674,0,0
950674,9005,10470,1,0
950675,9017,10676,0,0
950676,9001,10015,0,0
950677,9013,10549,0,0
950678,9010,10138,1,1
950679,9003,10265,0,0
950680,9006,10818,1,0
950681,9016,10931,0,0
950682,9001,10558,0,0
950683,9019,10618,0,0
950684,9008,10081,0,0
950685,9009,10303,0,0
950686,9020,10274,0,0
950687,9007,10113,1,0
950688,9011,10409,0,0
950689,9008,10931,1,1
950690,9011,10720,0,0
950691,9014,10819,1,1
950692,9014,10365,1,0
950693,9004,10241,0,0
950694,9020,10089,1,0
950695,9009,10695,1,0
950696,9008,10272,0,0
950697,9015,10255,1,0
950698,9020,10489,0,0
950699,9006,10856,0,0
950700,9016,10245,0,0
950701,9016,10780,0,0
950702,9014,10099,0,0
950703,9015,10571,1,0
950704,9012,10073,1,1
950705,9018,10624,1,0
950706,9011,10677,0,0
950707,9007,10288,1,0
950708,9006,10953,0,0
950709,9003,10211,1,1
950710,9009,10534,0,0
950711,9015,10941,1,1
950712,9002,10866,0,0
950713,9004,10083,1,1
950714,9002,10242,1,0
950715,9006,10012,1,0
950716,9012,10978,0,0
950717,9007,10517,1,0
950718,9009,10794,1,0
950719,9006,10116,0,0
950720,9005,10347,0,0
950721,9004,10020,0,0
950722,9010,10701,1,1
950723,9020,10136,0,0
950724,9004,10446,1,0
950725,9005,10438,0,0
950726,9017,10848,0,0
950727,9018,10570,1,1
950728,9003,10962,0,0
950729,9013,10173,0,0
950730,9001,10705,1,1
950731,9019,10517,0,0
950732,9002,10159,0,0
950733,9004,10791,0,0
950734,9016,10405,1,0
950735,9016,10512,0,0
950736,9017,10652,0,0
950737,9012,10004,0,0
950738,9002,10805,0,0
950739,9010,10587,0,0
950740,9006,10746,0,0
950741,9012,10104,0,0
950742,9012,10373,1,1
950743,9017,10649,0,0
950744,9018,10282,0,0
950745,9004,10743,0,0
950746,9003,10283,0,0
950747,9017,10477,0,0
950748,9009,10750,0,0
950749,9012,10235,0,0
950750,9007,10702,0,0
950751,9016,10178,0,0
950752,9008,10857,1,0
950753,9003,10338,1,0
950754,9013,10502,0,0
950755,9020,10222,0,0
950756,9009,10456,0,0
950757,9009,10898,0,0
950758,9004,10726,0,0
950759,9014,10725,0,0
950760,9018,10895,0,0
950761,9001,10359,0,0
950762,9019,10410,0,0
950763,9002,10605,0,0
950764,9005,10965,1,1
950765,9014,10558,1,1
950766,9009,10462,0,0
950767,9020,10767,0,0
950768,9020,10191,0,0
950769,9015,10995,0,0
950770,9020,10838,0,0
950771,9001,10919,0,0
950772,9019,10145,0,0
950773,9004,10344,0,0
950774,9014,10616,0,0
950775,9001,10576,0,0
950776,9005,10157,0,0
950777,9010,10308,0,0
950778,9009,10894,0,0
950779,9017,10862,0,0
950780,9014,10128,0,0
950781,9007,10024,0,0
950782,9018,10931,1,0
950783,9010,10125,0,0
950784,9004,10175,0,0
950785,9014,10101,0,0
950786,9003,10051,0,0
950787,9011,10258,0,0
950788,9010,10661,0,0
950789,9008,10168,1,0
950790,9009,10105,1,1
950791,9006,10581,0,0
950792,9014,10035,0,0
950793,9009,10428,0,0
950794,9014,10675,1,1
950795,9008,10339,0,0
950796,9006,10720,0,0
950797,9006,10153,0,0
950798,9002,10506,0,0
950799,9005,10080,0,0
950800,9003,10031,0,0
950801,9011,10225,0,0
950802,9007,10767,0,0
950803,9009,10209,1,1
950804,9013,10981,0,0
950805,9016,10180,0,0
950806,9012,10419,0,0
950807,9008,10497,1,1
950808,9014,10919,0,0
950809,9014,10305,0,0
950810,9005,10656,0,0
950811,9010,10742,1,0
950812,9014,10314,0,0
950813,9017,10818,0,0
950814,9004,10334,0,0
950815,9015,10064,0,0
950816,9011,10308,1,1
950817,9009,10040,0,0
950818,9015,10243,0,0
950819,9020,10361,1,1
950820,9002,10245,0,0
950821,9001,10822,0,0
950822,9020,10882,0,0
950823,9017,10609,0,0
950824,9004,10981,0,0
950825,9005,10145,0,0
950826,9005,10900,0,0
950827,9014,10976,0,0
950828,9001,10568,0,0
950829,9002,10030,0,0
950830,9010,10620,0,0
950831,9005,10930,0,0
950832,9009,10726,0,0
950833,9013,10428,0,0
950834,9013,10733,0,0
950835,9009,10382,1,1
950836,9014,10453,0,0
950837,9017,10961,0,0
950838,9003,10616,1,0
950839,9018,10181,1,1
950840,9012,10985,0,0
950841,9009,10498,0,0
950842,9016,10639,1,0
950843,9013,10198,0,0
950844,9018,10343,1,0
950845,9012,10033,1,0
950846,9002,10334,0,0
950847,9019,10234,1,0
950848,9001,10548,0,0
950849,9006,10530,1,0
950850,9018,10887,0,0
950851,9003,10819,0,0
950852,9006,10953,0,0
950853,9004,10744,0,0
950854,9017,10428,1,0
950855,9018,10266,0,0
950856,9007,10295,0,0
950857,9002,10440,0,0
950858,9015,10561,1,1
950859,9017,10570,0,0
950860,9006,10332,1,0
950861,9008,10870,0,0
950862,9008,10151,0,0
950863,9007,10647,1,1
950864,9004,10301,0,0
950865,9020,10878,0,0
950866,9005,10345,1,0
950867,9008,10311,0,0
950868,9014,10636,0,0
950869,9020,10183,1,0
950870,9003,10717,0,0
950871,9018,10934,1,0
950872,9015,10147,0,0
950873,9005,10621,0,0
950874,9015,10150,0,0
950875,9006,10745,1,1
950876,9010,10267,1,0
950877,9020,10490,0,0
950878,9015,10131,0,0
950879,9020,10147,0,0
950880,9009,10603,0,0
950881,9004,10903,1,0
950882,9008,10375,0,0
950883,9013,10485,1,0
950884,9017,10504,0,0
950885,9004,10504,0,0
950886,9002,10219,0,0
950887,9005,10495,0,0
950888,9002,10546,0,0
950889,9016,10011,1,0
950890,9015,10998,0,0
950891,9004,10261,0,0
950892,9015,10071,0,0
950893,9005,10164,1,1
950894,9003,10261,1,0
950895,9014,10696,0,0
950896,9007,10645,1,1
950897,9015,10795,0,0
950898,9005,10861,0,0
950899,9009,10411,1,0
950900,9013,10416,0,0
950901,9007,10345,1,1
950902,9004,10234,1,1
950903,9007,10882,0,0
950904,9001,10866,0,0
950905,9015,10015,0,0
950906,9015,10617,0,0
950907,9018,10354,1,1
950908,9015,10483,1,0
950909,9003,10438,0,0
950910,9005,10020,1,0
950911,9005,10760,0,0
950912,9016,10472,0,0
950913,9010,10162,0,0
950914,9013,10639,0,0
950915,9015,10034,1,0
950916,9008,10115,1,0
950917,9020,10430,1,0
950918,9007,10731,0,0
950919,9014,10754,1,1
950920,9006,10021,0,0
950921,9008,10737,0,0
950922,9015,10167,1,0
950923,9017,10296,0,0
950924,9005,10172,0,0
950925,9012,10164,0,0
950926,9013,10823,1,0
950927,9003,10217,0,0
950928,9019,10199,0,0
950929,9015,10050,0,0
950930,9018,10498,0,0
950931,9020,10442,0,0
950932,9007,10330,1,0
950933,9014,10330,0,0
950934,9020,10294,1,1
950935,9019,10280,0,0
950936,9011,10364,0,0
950937,9007,10970,1,0
950938,9011,10571,0,0
950939,9008,10173,0,0
950940,9010,10154,1,0
950941,9011,10734,0,0
950942,9001,10731,0,0
950943,9020,10492,0,0
950944,9010,10595,0,0
950945,9007,10961,0,0
950946,9003,10993,1,1
950947,9019,10267,0,0
950948,9004,10946,0,0
950949,9006,10640,1,0
950950,9001,10698,0,0
950951,9004,10886,0,0
950952,9007,10418,0,0
950953,9011,10742,0,0
950954,9006,10272,0,0
950955,9005,10443,0,0
950956,9012,10513,1,0
950957,9002,10809,0,0
950958,9018,10412,1,1
950959,9009,10015,0,0
950960,9014,10080,0,0
950961,9012,10686,0,0
950962,9009,10544,0,0
950963,9001,10551,0,0
950964,9007,10705,1,1
950965,9007,10240,1,0
950966,9010,10585,0,0
950967,9002,10605,0,0
950968,9004,10089,0,0
950969,9008,10971,1,0
950970,9014,10254,0,0
950971,9013,10746,0,0
950972,9016,10139,0,0
950973,9007,10710,0,0
950974,9010,10290,0,0
950975,9011,10306,1,1
950976,9011,10172,0,0
950977,9006,10526,0,0
950978,9012,10328,1,1
950979,9010,10153,0,0
950980,9009,10708,1,0
950981,9006,10178,0,0
950982,9009,10607,0,0
950983,9003,10853,0,0
950984,9007,10749,0,0
950985,9003,10416,0,0
950986,9020,10311,0,0
950987,9008,10590,0,0
950988,9008,10244,1,0
950989,9013,10732,0,0
950990,9002,10409,0,0
950991,9014,10220,0,0
950992,9005,10719,1,0
950993,9013,10436,0,0
950994,9013,10184,0,0
950995,9019,10627,0,0
950996,9003,10124,1,1
950997,9014,10238,1,0
950998,9004,10620,0,0
950999,9010,10406,1,0
951000,9006,10559,0,0
951001,9006,10198,0,0
951002,9002,10563,1,0
951003,9002,10706,0,0
951004,9019,10582,0,0
951005,9003,10887,0,0
951006,9020,10087,1,1
951007,9004,10986,0,0
951008,9004,10075,0,0
951009,9011,10705,0,0
951010,9003,10732,0,0
951011,9017,10790,0,0
951012,9009,10937,1,0
951013,9014,10333,0,0
951014,9002,10745,0,0
951015,9014,10431,1,0
951016,9003,10956,0,0
951017,9002,10370,0,0
951018,9001,10740,0,0
951019,9004,10918,1,0
951020,9010,10900,0,0
951021,9015,10044,0,0
951022,9012,10297,0,0
951023,9006,10767,0,0
951024,9003,10466,0,0
951025,9003,10250,1,1
951026,9019,10422,0,0
951027,9020,10913,0,0
951028,9004,10473,1,1
951029,9019,10273,0,0
951030,9014,10989,1,1
951031,9004,10173,0,0
951032,9008,10236,0,0
951033,9019,10046,0,0
951034,9019,10392,0,0
951035,9001,10733,0,0
951036,9015,10655,0,0
951037,9011,10233,0,0
951038,9009,10417,0,0
951039,9003,10945,0,0
951040,9018,10266,0,0
951041,9019,10190,0,0
951042,9016,10183,0,0
951043,9016,10826,0,0
951044,9003,10357,0,0
951045,9018,10703,0,0
951046,9013,10139,0,0
951047,9020,10547,0,0
951048,9008,10505,1,0
951049,9007,10482,1,1
951050,9019,10352,0,0
951051,9020,10342,0,0
951052,9012,10644,0,0
951053,9018,10885,0,0
951054,9015,10834,1,0
951055,9012,10929,0,0
951056,9006,10073,0,0
951057,9017,10163,1,1
951058,9004,10806,0,0
951059,9012,10223,0,0
951060,9017,10974,0,0
951061,9005,10185,0,0
951062,9006,10095,0,0
951063,9015,10801,1,0
951064,9008,10684,1,1
951065,9020,10309,0,0
951066,9016,10976,1,1
951067,9013,10148,0,0
951068,9015,10319,0,0
951069,9020,10179,0,0
951070,9013,10882,0,0
951071,9015,10654,0,0
951072,9002,10291,0,0
951073,9020,10622,0,0
951074,9018,10497,0,0
951075,9007,10301,0,0
951076,9009,10161,0,0
951077,9007,10061,0,0
951078,9009,10861,0,0
951079,9012,10072,1,0
951080,9010,10437,0,0
951081,9010,10482,0,0
951082,9013,10115,0,0
951083,9005,10206,0,0
951084,9008,10334,0,0
951085,9010,10306,1,1
951086,9006,10911,0,0
951087,9011,10554,0,0
951088,9004,10882,1,1
951089,9002,10532,0,0
951090,9006,10604,1,1
951091,9013,10580,1,0
951092,9012,10135,0,0
951093,9014,10578,1,0
951094,9008,10841,0,0
951095,9003,10151,0,0
951096,9005,10548,0,0
951097,9007,10140,0,0
951098,9018,10407,0,0
951099,9006,10735,1,0
951100,9018,10490,0,0
951101,9008,10907,0,0
951102,9007,10897,0,0
951103,9002,10205,0,0
951104,9004,10295,0,0
951105,9009,10861,0,0
951106,9016,10582,0,0
951107,9019,10671,1,0
951108,9010,10905,0,0
951109,9008,10184,1,0
951110,9016,10018,0,0
951111,9008,10383,1,0
951112,9020,10571,0,0
951113,9004,10835,0,0
951114,9020,10736,1,1
951115,9013,10621,0,0
951116,9010,10643,0,0
951117,9009,10542,0,0
951118,9012,10508,1,0
951119,9015,10192,0,0
951120,9001,10198,0,0
951121,9012,10242,0,0
951122,9014,10091,0,0
951123,9002,10002,0,0
951124,9003,10788,1,1
951125,9006,10977,1,0
951126,9019,10609,1,1
951127,9013,10465,1,1
951128,9020,10997,1,0
951129,9008,10285,1,1
951130,9004,10777,1,1
951131,9019,10004,1,0
951132,9007,10238,0,0
951133,9007,10552,0,0
951134,9001,10439,0,0
951135,9019,10909,0,0
951136,9017,10390,0,0
951137,9008,10329,0,0
951138,9015,10794,0,0
951139,9020,10241,0,0
951140,9019,10615,0,0
951141,9007,10809,1,0
951142,9013,10495,0,0
951143,9001,10810,0,0
951144,9007,10896,1,0
951145,9005,10974,0,0
951146,9018,10061,0,0
951147,9008,10062,0,0
951148,9015,10738,1,1
951149,9018,10767,1,1
951150,9006,10765,0,0
951151,9005,10452,1,0
951152,9011,10277,1,1
951153,9008,10159,0,0
951154,9009,10239,1,1
951155,9013,10043,0,0
951156,9003,10917,0,0
951157,9003,10875,0,0
951158,9007,10413,0,0
951159,9003,10439,0,0
951160,9011,10314,1,0
951161,9014,10152,0,0
951162,9010,10813,0,0
951163,9020,10080,0,0
951164,9009,10137,0,0
951165,9012,10725,0,0
951166,9008,10450,1,1
951167,9012,10386,1,1
951168,9009,10677,1,1
951169,9018,10383,0,0
951170,9017,10165,1,0
951171,9011,10709,0,0
951172,9002,10302,0,0
951173,9019,10774,0,0
951174,9014,10048,1,0
951175,9003,10127,0,0
951176,9006,10368,0,0
951177,9004,10648,1,0
951178,9012,10032,0,0
951179,9002,10507,0,0
951180,9006,10613,0,0
951181,9005,10077,1,0
951182,9005,10707,0,0
951183,9008,10201,1,0
951184,9005,10068,1,1
951185,9008,10028,1,1
951186,9001,10936,0,0
951187,9020,10400,0,0
951188,9009,10057,0,0
951189,9014,10203,0,0
951190,9002,10567,1,0
951191,9011,10083,1,0
951192,9004,10618,1,0
951193,9004,10251,0,0
951194,9017,10342,0,0
951195,9016,10423,0,0
951196,9007,10844,0,0
951197,9012,10439,1,1
951198,9017,10414,0,0
951199,9005,10872,0,0
951200,9008,10938,0,0
951201,9020,10133,0,0
951202,9005,10869,0,0
951203,9011,10429,1,1
951204,9019,10704,0,0
951205,9019,10544,0,0
951206,9004,10610,0,0
951207,9011,10268,0,0
951208,9019,10107,0,0
951209,9005,10066,0,0
951210,9002,10052,0,0
951211,9019,10711,0,0
951212,9017,10288,1,0
951213,9020,10232,0,0
951214,9018,10163,0,0
951215,9015,10241,0,0
951216,9016,10390,0,0
951217,9012,10022,0,0
951218,9008,10729,0,0
951219,9006,10687,0,0
951220,9018,10909,0,0
951221,9011,10791,0,0
951222,9006,10493,0,0
951223,9017,10684,0,0
951224,9010,10521,1,0
951225,9019,10362,1,1
951226,9015,10059,1,1
951227,9016,10485,1,0
951228,9017,10629,0,0
951229,9007,10101,0,0
951230,9019,10757,0,0
951231,9008,10798,0,0
951232,9008,10340,0,0
951233,9005,10486,1,0
951234,9011,10812,0,0
951235,9002,10689,0,0
951236,9018,10016,0,0
951237,9004,10498,0,0
951238,9012,10121,1,0
951239,9004,10214,0,0
951240,9005,10742,1,1
951241,9017,10330,0,0
951242,9019,10084,1,0
951243,9010,10181,0,0
951244,9014,10745,0,0
951245,9015,10386,1,1
951246,9014,10323,0,0
951247,9016,10554,0,0
951248,9008,10448,0,0
951249,9009,10904,0,0
951250,9008,10073,0,0
951251,9011,10255,0,0
951252,9012,10860,0,0
951253,9014,10917,1,1
951254,9018,10883,1,1
951255,9012,10865,0,0
951256,9004,10700,1,1
951257,9013,10290,0,0
951258,9016,10500,0,0
951259,9010,10900,1,0
951260,9011,10752,0,0
951261,9012,10885,0,0
951262,9018,10985,0,0
951263,9002,10830,1,1
951264,9019,10608,0,0
951265,9005,10588,0,0
951266,9020,10002,0,0
951267,9010,10383,0,0
951268,9016,10690,0,0
951269,9012,10112,1,1
951270,9009,10885,1,0
951271,9003,10204,1,0
951272,9001,10750,0,0
951273,9005,10026,0,0
951274,9008,10853,0,0
951275,9017,10108,0,0
951276,9001,10677,0,0
951277,9013,10567,0,0
951278,9006,10868,0,0
951279,9015,10274,1,0
951280,9007,10792,0,0
951281,9008,10542,1,0
951282,9003,10017,0,0
951283,9015,10464,1,1
951284,9004,10298,0,0
951285,9009,10593,1,1
951286,9011,10876,0,0
951287,9014,10396,0,0
951288,9009,10027,0,0
951289,9012,10183,0,0
951290,9005,10516,1,0
951291,9006,10675,1,0
951292,9019,10449,0,0
951293,9005,10332,0,0
951294,9001,10925,1,0
951295,9010,10584,0,0
951296,9014,10456,0,0
951297,9017,10588,0,0
951298,9011,10420,0,0
951299,9004,10240,0,0
951300,9018,10512,0,0
951301,9019,10290,0,0
951302,9004,10804,0,0
951303,9012,10439,0,0
951304,9014,10772,1,0
951305,9018,10523,0,0
951306,9001,10571,0,0
951307,9020,10259,0,0
951308,9011,10714,0,0
951309,9019,10268,1,1
951310,9001,10113,1,0
951311,9001,10585,1,0
951312,9003,10405,0,0
951313,9014,10994,0,0
951314,9008,10918,1,0
951315,9015,10402,0,0
951316,9004,10236,0,0
951317,9011,10006,0,0
951318,9008,10601,1,0
951319,9007,10114,0,0
951320,9002,10365,0,0
951321,9008,10847,0,0
951322,9019,10321,0,0
951323,9009,10311,0,0
951324,9016,10168,0,0
951325,9008,10850,0,0
951326,9008,10052,0,0
951327,9011,10888,1,0
951328,9007,10300,0,0
951329,9002,10863,1,0
951330,9005,10062,0,0
951331,9018,10084,0,0
951332,9011,10748,1,0
951333,9017,10985,1,0
951334,9006,10353,0,0
951335,9013,10842,0,0
951336,9007,10669,0,0
951337,9011,10503,0,0
951338,9018,10659,0,0
951339,9006,10924,0,0
951340,9012,10890,1,1
951341,9003,10475,0,0
951342,9019,10635,0,0
951343,9011,10915,0,0
951344,9002,10503,0,0
951345,9003,10799,0,0
951346,9017,10694,1,1
951347,9005,10099,1,0
951348,9002,10702,1,1
951349,9012,10910,0,0
951350,9005,10306,1,0
951351,9013,10763,0,0
951352,9007,10315,0,0
951353,9011,10710,0,0
951354,9005,10442,0,0
951355,9018,10247,0,0
951356,9006,10265,1,1
951357,9003,10569,0,0
951358,9006,10425,1,0
951359,9016,10795,1,1
951360,9003,10058,1,0
951361,9018,10849,1,0
951362,9004,10484,0,0
951363,9005,10324,0,0
951364,9009,10186,0,0
951365,9004,10792,1,1
951366,9001,10499,1,1
951367,9011,10848,1,1
951368,9005,10062,1,0
951369,9010,10593,0,0
951370,9003,10963,1,0
951371,9015,10246,1,0
951372,9014,10487,0,0
951373,9005,10761,0,0
951374,9008,10869,1,1
951375,9017,10373,0,0
951376,9020,10515,1,0
951377,9019,10748,0,0
951378,9004,10051,0,0
951379,9002,10617,0,0
951380,9002,10099,0,0
951381,9002,10323,0,0
951382,9003,10592,0,0
951383,9009,10441,1,0
951384,9005,10404,0,0
951385,9020,10813,0,0
951386,9015,10902,1,1
951387,9004,10417,0,0
951388,9003,10683,1,1
951389,9009,10946,0,0
951390,9010,10155,1,0
951391,9017,10542,0,0
951392,9020,10611,1,1
951393,9008,10146,0,0
951394,9019,10926,0,0
951395,9005,10235,1,0
951396,9011,10474,1,1
951397,9004,10399,1,1
951398,9004,10864,0,0
951399,9015,10611,0,0
951400,9008,10460,0,0
951401,9013,10702,0,0
951402,9020,10789,0,0
951403,9012,10908,1,0
951404,9002,10433,0,0
951405,9001,10257,0,0
951406,9014,10715,0,0
951407,9020,10439,1,1
951408,9008,10537,0,0
951409,9016,10175,0,0
951410,9005,10713,1,0
951411,9002,10807,0,0
951412,9015,10491,0,0
951413,9004,10283,0,0
951414,9004,10605,0,0
951415,9010,10562,0,0
951416,9018,10219,0,0
951417,9007,10951,0,0
951418,9005,10156,0,0
951419,9004,10057,0,0
951420,9015,10511,0,0
951421,9018,10743,0,0
951422,9017,10338,0,0
951423,9006,10719,0,0
951424,9001,10272,1,1
951425,9003,10727,0,0
951426,9009,10990,1,0
951427,9005,10996,1,0
951428,9006,10184,0,0
951429,9013,10291,0,0
951430,9003,10924,0,0
951431,9003,10302,0,0
951432,9005,10579,1,0
951433,9012,10247,0,0
951434,9020,10016,0,0
951435,9018,10335,0,0
951436,9007,10211,1,1
951437,9020,10586,0,0
951438,9012,10373,1,0
951439,9002,10817,0,0
951440,9016,10964,0,0
951441,9002,10406,0,0
951442,9008,10530,0,0
951443,9001,10022,1,0
951444,9014,10618,0,0
951445,9010,10119,0,0
951446,9013,10528,0,0
951447,9010,10184,0,0
951448,9013,10515,0,0
951449,9013,10492,1,1
951450,9001,10506,1,0
951451,9005,10635,0,0
951452,9016,10755,0,0
951453,9006,10437,1,0
951454,9004,10803,0,0
951455,9010,10105,0,0
951456,9011,10103,0,0
951457,9002,10208,0,0
951458,9009,10981,0,0
951459,9014,10661,0,0
951460,9002,10705,1,0
951461,9005,10825,0,0
951462,9012,10734,0,0
951463,9001,10047,0,0
951464,9019,10930,0,0
951465,9012,10304,1,0
951466,9012,10167,0,0
951467,9020,10494,0,0
951468,9005,10087,0,0
951469,9020,10226,0,0
951470,9002,10120,1,0
951471,9014,10926,0,0
951472,9017,10248,0,0
951473,9015,10505,1,0
951474,9017,10946,0,0
951475,9002,10353,0,0
951476,9008,10144,0,0
951477,9010,10745,0,0
951478,9003,10350,0,0
951479,9011,10515,0,0
951480,9009,10749,0,0
951481,9015,10317,0,0
951482,9011,10770,1,0
951483,9003,10026,1,1
951484,9007,10530,0,0
951485,9007,10322,0,0
951486,9004,10296,0,0
951487,9006,10131,0,0
951488,9019,10017,0,0
951489,9014,10920,0,0
951490,9004,10770,0,0
951491,9019,10582,1,1
951492,9019,10936,0,0
951493,9017,10922,0,0
951494,9019,10185,0,0
951495,9012,10049,0,0
951496,9017,10825,0,0
951497,9015,10824,0,0
951498,9009,10966,0,0
951499,9020,10076,0,0
951500,9016,10789,0,0
951501,9018,10528,1,1
951502,9018,10006,0,0
951503,9004,10034,0,0
951504,9004,10059,0,0
951505,9001,10067,1,0
951506,9005,10255,0,0
951507,9012,10809,1,0
951508,9014,10403,1,1
951509,9010,10157,0,0
951510,9018,10032,1,1
951511,9010,10010,0,0
951512,9016,10704,0,0
951513,9006,10375,0,0
951514,9003,10731,0,0
951515,9020,10349,0,0
951516,9015,10589,0,0
951517,9005,10532,0,0
951518,9006,10156,0,0
951519,9012,10027,1,0
951520,9001,10973,0,0
951521,9010,10153,1,0
951522,9003,10892,0,0
951523,9005,10285,0,0
951524,9015,10628,1,0
951525,9004,10250,1,1
951526,9019,10911,0,0
951527,9017,10429,0,0
951528,9008,10557,0,0
951529,9005,10286,0,0
951530,9004,10506,1,1
951531,9019,10294,0,0
951532,9009,10444,0,0
951533,9013,10288,0,0
951534,9017,10306,0,0
951535,9008,10071,0,0
951536,9019,10163,0,0
951537,9011,10481,0,0
951538,9014,10588,0,0
951539,9018,10343,0,0
951540,9005,10517,1,0
951541,9012,10107,1,0
951542,9016,10631,0,0
951543,9016,10799,0,0
951544,9014,10976,0,0
951545,9007,10609,1,0
951546,9009,10693,0,0
951547,9003,10498,1,1
951548,9014,10001,0,0
951549,9001,10598,1,1
951550,9014,10476,0,0
951551,9020,10453,0,0
951552,9018,10964,0,0
951553,9003,10065,1,0
951554,9006,10911,0,0
951555,9004,10485,0,0
951556,9001,10615,1,1
951557,9003,10948,0,0
951558,9018,10422,0,0
951559,9020,10536,0,0
951560,9020,10151,0,0
951561,9003,10815,0,0
951562,9016,10391,1,0
951563,9007,10765,0,0
951564,9009,10415,0,0
951565,9002,10007,0,0
951566,9003,10973,0,0
951567,9001,10516,0,0
951568,9006,10763,0,0
951569,9015,10694,0,0
951570,9005,10466,0,0
951571,9013,10104,0,0
951572,9008,10979,0,0
951573,9013,10464,0,0
951574,9019,10564,0,0
951575,9009,10594,1,1
951576,9003,10848,0,0
951577,9014,10560,0,0
951578,9007,10351,0,0
951579,9013,10729,0,0
951580,9009,10834,0,0
951581,9011,10366,0,0
951582,9009,10893,0,0
951583,9011,10182,0,0
951584,9014,10243,1,0
951585,9015,10220,1,0
951586,9017,10208,0,0
951587,9001,10639,0,0
951588,9003,10182,0,0
951589,9003,10868,0,0
951590,9003,10429,0,0
951591,9004,10808,0,0
951592,9017,10035,0,0
951593,9020,10792,1,1
951594,9004,10675,1,0
951595,9013,10862,0,0
951596,9007,10421,1,1
951597,9004,10203,1,1
951598,9008,10877,0,0
951599,9011,10162,0,0
951600,9019,10742,1,0
951601,9007,10871,0,0
951602,9009,10408,0,0
951603,9004,10349,0,0
951604,9004,10004,1,1
951605,9001,10361,1,1
951606,9006,10946,0,0
951607,9003,10990,0,0
951608,9003,10590,0,0
951609,9001,10664,0,0
951610,9007,10358,0,0
951611,9009,10628,1,0
951612,9003,10866,1,1
951613,9015,10036,1,1
951614,9003,10335,0,0
951615,9011,10291,1,0
951616,9018,10285,0,0
951617,9003,10036,0,0
951618,9020,10324,0,0
951619,9007,10463,1,0
951620,9009,10395,0,0
951621,9017,10567,1,0
951622,9009,10049,0,0
951623,9010,10463,0,0
951624,9013,10313,0,0
951625,9005,10981,0,0
951626,9014,10355,0,0
951627,9004,10343,0,0
951628,9014,10055,0,0
951629,9011,10312,0,0
951630,9010,10842,1,1
951631,9005,10260,0,0
951632,9012,10877,0,0
951633,9015,10921,0,0
951634,9013,10642,0,0
951635,9008,10998,1,1
951636,9004,10915,1,1
951637,9013,10088,0,0
951638,9015,10904,1,0
951639,9009,10320,1,0
951640,9006,10390,1,1
951641,9018,10852,0,0
951642,9009,10270,1,0
951643,9006,10872,0,0
951644,9007,10966,0,0
951645,9012,10460,0,0
951646,9004,10361,0,0
951647,9011,10126,1,1
951648,9003,10839,1,0
951649,9007,10185,1,0
951650,9002,10365,0,0
951651,9010,10542,1,1
951652,9003,10720,0,0
951653,9017,10008,0,0
951654,9011,10654,0,0
951655,9001,10816,0,0
951656,9002,10724,0,0
951657,9013,10796,1,1
951658,9014,10902,0,0
951659,9017,10414,1,0
951660,9002,10132,0,0
951661,9017,10356,0,0
951662,9019,10323,0,0
951663,9009,10906,1,0
951664,9012,10102,0,0
951665,9016,10795,0,0
951666,9004,10466,0,0
951667,9011,10429,0,0
951668,9020,10075,0,0
951669,9004,10100,0,0
951670,9002,10744,1,0
951671,9010,10803,0,0
951672,9009,10236,0,0
951673,9017,10269,1,0
951674,9012,10888,0,0
951675,9004,10567,0,0
951676,9009,10254,1,1
951677,9014,10727,1,1
951678,9004,10811,0,0
951679,9002,10329,0,0
951680,9018,10836,1,0
951681,9013,10299,1,1
951682,9010,10808,0,0
951683,9014,10370,1,1
951684,9009,10671,0,0
951685,9011,10259,1,1
951686,9020,10228,0,0
951687,9001,10377,0,0
951688,9012,10145,1,0
951689,9017,10080,0,0
951690,9017,10039,0,0
951691,9008,10706,0,0
951692,9017,10709,0,0
951693,9020,10097,0,0
951694,9013,10246,0,0
951695,9013,10333,0,0
951696,9015,10588,0,0
951697,9018,10403,0,0
951698,9013,10765,0,0
951699,9008,10278,0,0
951700,9007,11000,0,0
951701,9019,10008,1,1
951702,9010,10364,0,0
951703,9012,10452,0,0
951704,9002,10711,0,0
951705,9014,10252,1,0
951706,9010,10896,0,0
951707,9017,10982,0,0
951708,9013,10018,1,0
951709,9001,10390,0,0
951710,9015,10242,1,1
951711,9001,10253,0,0
951712,9015,10004,0,0
951713,9020,10373,0,0
951714,9015,10425,0,0
951715,9014,10749,0,0
951716,9013,10179,0,0
951717,9002,10012,0,0
951718,9008,10880,1,1
951719,9009,10293,1,1
951720,9019,10770,0,0
951721,9019,10259,0,0
951722,9009,10429,0,0
951723,9007,10597,0,0
951724,9014,10295,0,0
951725,9002,10333,0,0
951726,9012,10112,0,0
951727,9011,10950,0,0
951728,9017,10206,0,0
951729,9002,10222,0,0
951730,9012,10530,1,1
951731,9015,10013,0,0
951732,9008,10270,0,0
951733,9008,10553,0,0
951734,9018,10040,0,0
951735,9014,10505,0,0
951736,9010,10601,0,0
951737,9004,10613,0,0
951738,9016,10731,0,0
951739,9016,10215,0,0
951740,9017,10967,0,0
951741,9009,10304,1,0
951742,9011,10522,0,0
951743,9013,10729,0,0
951744,9001,10121,1,0
951745,9007,10310,0,0
951746,9011,10675,0,0
951747,9003,10664,0,0
951748,9002,10305,0,0
951749,9014,10426,1,1
951750,9010,10459,0,0
951751,9020,10596,0,0
951752,9017,10202,0,0
951753,9008,10562,0,0
951754,9015,10661,0,0
951755,9006,10412,1,0
951756,9020,10220,0,0
951757,9002,10951,0,0
951758,9015,10155,0,0
951759,9016,10609,0,0
951760,9002,10324,0,0
951761,9014,10611,1,1
951762,9020,10340,1,0
951763,9001,10390,0,0
951764,9009,10186,0,0
951765,9017,10134,1,1
951766,9014,10828,1,1
951767,9010,10849,1,0
951768,9013,10147,0,0
951769,9013,10113,0,0
951770,9019,10957,0,0
951771,9008,10529,0,0
951772,9007,10433,0,0
951773,9017,10387,0,0
951774,9008,10366,1,1
951775,9004,10034,0,0
951776,9007,10062,0,0
951777,9020,10444,0,0
951778,9017,10196,0,0
951779,9005,10087,1,0
951780,9020,10891,0,0
951781,9004,10635,1,1
951782,9019,10254,0,0
951783,9001,10127,1,0
951784,9010,10850,0,0
951785,9006,10162,0,0
951786,9012,10925,1,1
951787,9017,10316,1,1
951788,9005,10172,0,0
951789,9009,10399,0,0
951790,9009,10813,1,1
951791,9005,10331,1,0
951792,9019,10359,0,0
951793,9011,10252,0,0
951794,9012,10009,0,0
951795,9005,10763,0,0
951796,9008,10239,0,0
951797,9017,10035,0,0
951798,9008,10778,1,0
951799,9002,10616,0,0
951800,9018,10934,1,0
951801,9019,10383,1,0
951802,9010,10669,1,0
951803,9007,10686,0,0
951804,9009,10710,0,0
951805,9012,10723,0,0
951806,9012,10730,1,1
951807,9005,10201,0,0
951808,9011,10233,0,0
951809,9017,10628,0,0
951810,9015,10496,0,0
951811,9011,10813,1,0
951812,9015,10077,0,0
951813,9016,10218,0,0
951814,9019,10374,0,0
951815,9012,10053,1,0
951816,9003,10596,0,0
951817,9008,10258,1,1
951818,9011,10132,0,0
951819,9001,10711,0,0
951820,9004,10787,0,0
951821,9006,10867,0,0
951822,9010,10395,0,0
951823,9015,10595,0,0
951824,9008,10928,0,0
951825,9014,10249,0,0
951826,9002,10398,0,0
951827,9020,10945,0,0
951828,9006,10069,0,0
951829,9003,10921,0,0
951830,9002,10654,0,0
951831,9014,10423,0,0
951832,9018,10652,0,0
951833,9015,10892,0,0
951834,9004,10945,0,0
951835,9016,10340,0,0
951836,9012,10374,1,1
951837,9017,10885,1,0
951838,9001,10274,0,0
951839,9020,10257,0,0
951840,9009,10875,0,0
951841,9012,10516,0,0
951842,9005,10268,0,0
951843,9017,10922,0,0
951844,9003,10928,0,0
951845,9006,10357,0,0
951846,9003,10847,0,0
951847,9006,10308,1,1
951848,9013,10867,0,0
951849,9019,10602,0,0
951850,9015,10527,0,0
951851,9007,10648,0,0
951852,9013,10732,0,0
951853,9020,10798,0,0
951854,9002,10694,0,0
951855,9019,10491,0,0
951856,9019,10639,0,0
951857,9003,10638,1,1
951858,9003,10707,0,0
951859,9006,10198,0,0
951860,9013,10351,1,1
951861,9014,10218,0,0
951862,9006,10008,0,0
951863,9009,10231,0,0
951864,9010,10703,0,0
951865,9016,10093,0,0
951866,9015,10657,0,0
951867,9012,10016,0,0
951868,9013,10625,0,0
951869,9018,10813,1,1
951870,9002,10196,0,0
951871,9014,10906,0,0
951872,9017,10464,1,0
951873,9001,10915,0,0
951874,9011,10935,1,0
951875,9014,10818,1,1
951876,9012,10205,1,1
951877,9014,10828,0,0
951878,9017,10580,0,0
951879,9012,10127,0,0
951880,9006,10160,0,0
951881,9009,10501,0,0
951882,9012,10466,0,0
951883,9017,10848,1,1
951884,9016,10857,0,0
951885,9002,10498,0,0
951886,9018,10448,0,0
951887,9016,10464,0,0
951888,9010,10342,0,0
951889,9019,10508,0,0
951890,9004,10664,0,0
951891,9007,10284,0,0
951892,9016,10151,0,0
951893,9019,10575,0,0
951894,9005,10886,1,1
951895,9005,10895,0,0
951896,9007,10696,1,1
951897,9017,10213,1,1
951898,9001,10585,0,0
951899,9003,10322,0,0
951900,9016,10934,1,1
951901,9002,10796,0,0
951902,9001,10666,1,0
951903,9007,10188,0,0
951904,9010,10572,1,1
951905,9003,10768,1,0
951906,9018,10987,1,0
951907,9003,10183,0,0
951908,9007,10384,0,0
951909,9015,10025,1,0
951910,9001,10917,1,0
951911,9019,10998,0,0
951912,9005,10537,0,0
951913,9007,10314,0,0
951914,9011,10038,0,0
951915,9001,10302,0,0
951916,9002,10971,0,0
951917,9014,10988,1,1
951918,9010,10369,0,0
951919,9003,10100,0,0
951920,9014,10388,1,1
951921,9005,10659,0,0
951922,9017,10446,0,0
951923,9007,10792,1,0
951924,9001,10470,0,0
951925,9011,10055,0,0
951926,9006,10496,1,0
951927,9016,10921,1,0
951928,9014,10584,1,0
951929,9017,10755,0,0
951930,9015,10127,0,0
951931,9014,10980,0,0
951932,9007,10321,0,0
951933,9010,10766,0,0
951934,9019,10068,0,0
951935,9007,10396,0,0
951936,9015,10153,0,0
951937,9014,10149,0,0
951938,9015,10403,1,1
951939,9019,10226,0,0
951940,9016,10838,0,0
951941,9002,10692,0,0
951942,9002,10310,0,0
951943,9001,10419,0,0
951944,9016,10515,0,0
951945,9019,10289,0,0
951946,9004,10201,0,0
951947,9003,10519,1,0
951948,9011,10873,0,0
951949,9017,10667,0,0
951950,9005,10769,0,0
951951,9009,10168,0,0
951952,9001,10914,0,0
951953,9009,10675,1,0
951954,9004,10337,0,0
951955,9016,10295,0,0
951956,9015,10380,1,0
951957,9010,10011,0,0
951958,9005,10357,0,0
951959,9016,10813,0,0
951960,9006,10971,1,0
951961,9016,10131,0,0
951962,9004,10205,1,1
951963,9015,10436,0,0
951964,9003,10316,0,0
951965,9019,10604,1,1
951966,9009,10314,0,0
951967,9005,10486,0,0
951968,9016,10950,0,0
951969,9003,10111,0,0
951970,9008,10290,0,0
951971,9014,10247,0,0
951972,9003,10412,0,0
951973,9016,10573,1,0
951974,9007,10450,0,0
951975,9009,10889,0,0
951976,9003,10622,0,0
951977,9008,10962,1,1
951978,9012,10421,0,0
951979,9017,10400,0,0
951980,9014,10456,1,1
951981,9016,10744,0,0
951982,9019,10125,0,0
951983,9004,10715,0,0
951984,9003,10941,0,0
951985,9013,10783,0,0
951986,9009,10260,1,0
951987,9013,10535,0,0
951988,9012,10712,0,0
951989,9015,10080,0,0
951990,9003,10272,0,0
951991,9003,10856,0,0
951992,9002,10565,1,1
951993,9006,10778,1,1
951994,9016,10418,0,0
951995,9018,10402,0,0
951996,9009,10053,0,0
951997,9003,10272,1,1
951998,9016,10896,0,0
951999,9004,10228,0,0
952000,9014,10958,0,0
952001,9004,10692,1,0
952002,9018,10371,0,0
952003,9018,10825,0,0
952004,9018,10712,0,0
952005,9003,10192,0,0
952006,9007,10980,0,0
952007,9013,10023,0,0
952008,9007,10552,0,0
952009,9013,10910,0,0
952010,9004,10336,0,0
952011,9016,10230,1,1
952012,9015,10530,1,0
952013,9013,10488,1,1
952014,9010,10734,1,1
952015,9010,10164,0,0
952016,9005,10996,0,0
952017,9004,10423,0,0
952018,9019,10360,0,0
952019,9015,10169,0,0
952020,9009,10513,0,0
952021,9016,10849,0,0
952022,9004,10348,0,0
952023,9011,10766,1,1
952024,9017,10199,1,0
952025,9001,10212,0,0
952026,9009,10682,0,0
952027,9012,10152,0,0
952028,9012,10885,1,0
952029,9010,10577,0,0
952030,9009,10530,1,1
952031,9020,10090,1,1
952032,9016,10014,0,0
952033,9013,10019,1,0
952034,9003,10082,0,0
952035,9018,10761,1,1
952036,9004,10621,1,0
952037,9019,10519,0,0
952038,9013,10832,0,0
952039,9013,10002,0,0
952040,9012,10263,1,0
952041,9001,10540,1,1
952042,9002,10860,1,0
952043,9003,10490,0,0
952044,9013,10337,0,0
952045,9012,10286,0,0
952046,9016,10254,0,0
952047,9014,10597,0,0
952048,9014,10485,0,0
952049,9017,10201,0,0
952050,9005,10292,0,0
952051,9006,10884,0,0
952052,9010,10278,0,0
952053,9009,10335,0,0
952054,9007,10590,1,0
952055,9004,10411,0,0
952056,9007,10210,1,1
952057,9011,10638,0,0
952058,9006,10010,0,0
952059,9016,10240,1,1
952060,9016,10790,0,0
952061,9013,10919,1,0
952062,9012,10820,0,0
952063,9002,10170,0,0
952064,9013,10681,1,0
952065,9001,10816,0,0
952066,9010,10837,0,0
952067,9010,10947,1,1
952068,9011,10473,0,0
952069,9009,10769,0,0
952070,9004,10472,1,1
952071,9017,10865,0,0
952072,9019,10762,0,0
952073,9010,10696,1,0
952074,9013,10229,1,0
952075,9002,10839,0,0
952076,9009,10408,1,1
952077,9007,10399,1,0
952078,9010,10203,0,0
952079,9012,10684,1,0
952080,9020,10593,0,0
952081,9011,10049,0,0
952082,9004,10727,1,1
952083,9012,10689,1,0
952084,9012,10964,0,0
952085,9008,10095,0,0
952086,9020,10118,0,0
952087,9014,10610,0,0
952088,9007,10074,1,0
952089,9003,10037,1,0
952090,9019,10330,1,0
952091,9014,10426,0,0
952092,9019,10187,0,0
952093,9010,10384,1,1
952094,9012,10459,0,0
952095,9018,10991,0,0
952096,9019,10778,1,0
952097,9018,10747,1,0
952098,9013,10870,0,0
952099,9017,10309,0,0
952100,9006,10426,0,0
952101,9016,10392,0,0
952102,9018,10331,0,0
952103,9009,10852,0,0
952104,9013,10408,1,0
952105,9004,10307,0,0
952106,9013,10071,0,0
952107,9003,10444,1,0
952108,9004,10149,0,0
952109,9019,10876,1,1
952110,9001,10437,1,1
952111,9001,10262,0,0
952112,9009,10799,1,1
952113,9003,10652,0,0
952114,9003,10357,1,0
952115,9018,10909,0,0
952116,9002,10305,0,0
952117,9011,10543,0,0
952118,9009,10777,0,0
952119,9002,10155,0,0
952120,9020,10116,1,1
952121,9004,10949,0,0
952122,9009,10721,0,0
952123,9014,10627,1,1
952124,9019,10051,0,0
952125,9016,10072,1,0
952126,9014,10923,0,0
952127,9015,10640,0,0
952128,9018,10936,1,0
952129,9015,10761,0,0
952130,9019,10830,0,0
952131,9009,10826,0,0
952132,9016,10143,1,1
952133,9017,10167,0,0
952134,9010,10070,0,0
952135,9005,10992,1,0
952136,9009,10496,1,1
952137,9014,10520,1,1
952138,9010,10163,0,0
952139,9001,10575,0,0
952140,9020,10287,1,0
952141,9003,10234,0,0
952142,9016,10730,0,0
952143,9005,10938,1,1
952144,9013,10344,1,0
952145,9005,10883,0,0
952146,9011,10253,0,0
952147,9017,10706,0,0
952148,9003,10809,0,0
952149,9006,10257,1,1
952150,9016,10842,0,0
952151,9020,10506,0,0
952152,9002,10754,0,0
952153,9005,10471,1,0
952154,9019,10289,1,1
952155,9020,10620,0,0
952156,9011,10549,1,1
952157,9018,10892,0,0
952158,9003,10825,0,0
952159,9012,10505,0,0
952160,9013,10523,1,0
952161,9020,10084,0,0
952162,9020,10730,0,0
952163,9009,10750,0,0
952164,9009,10559,0,0
952165,9007,10962,0,0
952166,9001,10345,0,0
952167,9001,10379,1,1
952168,9019,10132,0,0
952169,9003,10211,0,0
952170,9007,10717,0,0
952171,9012,10595,1,1
952172,9016,10077,0,0
952173,9013,10951,0,0
952174,9018,10140,1,0
952175,9017,10128,1,1
952176,9009,10066,1,1
952177,9014,10933,0,0
952178,9005,10754,0,0
952179,9011,10663,1,0
952180,9020,10567,1,1
952181,9006,10147,1,1
952182,9006,10067,0,0
952183,9008,10472,0,0
952184,9001,10151,1,0
952185,9009,10004,0,0
952186,9010,10018,0,0
952187,9017,10524,1,0
952188,9003,10256,0,0
952189,9013,10509,0,0
952190,9008,10035,0,0
952191,9020,10923,1,0
952192,9014,10555,1,0
952193,9020,10590,0,0
952194,9008,10507,1,0
952195,9019,10863,0,0
952196,9013,10323,1,0
952197,9006,10453,0,0
952198,9004,10832,0,0
952199,9006,10861,0,0
952200,9020,10359,0,0
952201,9002,10052,0,0
952202,9010,10529,0,0
952203,9011,10723,1,1
952204,9011,10739,0,0
952205,9003,10033,0,0
952206,9011,10328,1,0
952207,9008,10436,0,0
952208,9017,10997,1,0
952209,9001,10419,1,0
952210,9016,10916,0,0
952211,9020,10849,0,0
952212,9007,10813,0,0
952213,9008,10077,1,0
952214,9013,10580,0,0
952215,9005,10050,0,0
952216,9018,10442,1,1
952217,9012,10670,0,0
952218,9016,10198,0,0
952219,9003,10770,1,1
952220,9012,10463,1,0
952221,9019,10377,0,0
952222,9020,10546,0,0
952223,9018,10436,0,0
952224,9008,10724,0,0
952225,9013,10272,0,0
952226,9008,10892,1,1
952227,9010,10939,1,0
952228,9014,10576,0,0
952229,9015,10989,1,0
952230,9015,10155,0,0
952231,9006,10321,0,0
952232,9014,10269,0,0
952233,9006,10552,0,0
952234,9001,10160,0,0
952235,9010,10323,1,1
952236,9019,10014,0,0
952237,9011,10376,0,0
952238,9003,10120,0,0
952239,9006,10314,1,0
952240,9009,10348,0,0
952241,9009,10046,0,0
952242,9004,10346,0,0
952243,9003,10469,0,0
952244,9020,10382,0,0
952245,9019,10622,0,0
952246,9011,10371,1,0
952247,9019,10459,1,0
952248,9017,10219,0,0
952249,9008,10955,0,0
952250,9006,10121,0,0
952251,9005,10961,1,0
952252,9008,10289,0,0
952253,9008,10512,0,0
952254,9003,10558,0,0
952255,9019,10338,0,0
952256,9016,10381,0,0
952257,9010,10506,0,0
952258,9003,10566,0,0
952259,9009,10834,0,0
952260,9008,10388,0,0
952261,9008,10566,0,0
952262,9008,10882,0,0
952263,9020,10004,0,0
952264,9007,10913,0,0
952265,9014,10752,0,0
952266,9017,10592,1,0
952267,9012,10201,0,0
952268,9005,10986,1,1
952269,9002,10202,1,0
952270,9015,10256,0,0
952271,9011,10199,1,1
952272,9015,10073,0,0
952273,9013,10951,0,0
952274,9019,10688,1,0
952275,9012,10219,0,0
952276,9015,10736,1,0
952277,9012,10433,0,0
952278,9018,10407,1,1
952279,9004,10795,0,0
952280,9011,10793,0,0
952281,9015,10093,0,0
952282,9005,10664,1,1
952283,9005,10080,0,0
952284,9020,10208,0,0
952285,9010,10092,0,0
952286,9010,10532,0,0
952287,9006,10053,0,0
952288,9006,10083,0,0
952289,9006,10074,0,0
952290,9007,10410,1,1
952291,9018,10444,0,0
952292,9004,10130,0,0
952293,9014,10771,0,0
952294,9011,10871,1,0
952295,9007,10184,0,0
952296,9018,10578,0,0
952297,9020,10665,0,0
952298,9002,10365,1,1
952299,9002,10196,1,0
952300,9007,10015,1,1
952301,9011,10210,0,0
952302,9018,10135,1,0
952303,9020,10384,0,0
952304,9007,10475,0,0
952305,9020,10594,0,0
952306,9005,10583,0,0
952307,9002,10504,0,0
952308,9014,10477,1,1
952309,9007,10297,1,1
952310,9010,10382,0,0
952311,9018,10444,0,0
952312,9008,10684,1,0
952313,9016,10123,0,0
952314,9014,10289,1,0
952315,9009,10962,1,0
952316,9006,10210,0,0
952317,9007,10494,0,0
952318,9009,10919,0,0
952319,9007,10576,1,0
952320,9009,10390,1,0
952321,9007,10063,0,0
952322,9012,10894,0,0
952323,9017,10939,0,0
952324,9020,10409,1,1
952325,9012,10979,0,0
952326,9005,10520,0,0
952327,9018,10245,1,0
952328,9005,10165,1,1
952329,9005,10986,0,0
952330,9007,10093,0,0
952331,9003,10955,1,0
952332,9001,10284,0,0
952333,9006,10821,0,0
952334,9007,10888,0,0
952335,9008,10711,1,1
952336,9014,10124,1,0
952337,9015,10567,1,0
952338,9007,10932,0,0
952339,9007,10190,0,0
952340,9001,10655,0,0
952341,9009,10822,0,0
952342,9007,10317,0,0
952343,9020,10609,1,1
952344,9007,10822,0,0
952345,9018,10197,0,0
952346,9014,10285,0,0
952347,9015,10593,0,0
952348,9018,10109,0,0
952349,9010,10795,0,0
952350,9003,10209,0,0
952351,9011,10115,0,0
952352,9001,10964,0,0
952353,9002,10753,0,0
952354,9016,10908,0,0
952355,9003,10894,0,0
952356,9017,10506,0,0
952357,9003,10791,1,1
952358,9011,10818,0,0
952359,9004,10331,0,0
952360,9007,10996,0,0
952361,9016,10204,0,0
952362,9017,10713,0,0
952363,9011,10856,0,0
952364,9004,10978,0,0
952365,9003,10667,1,1
952366,9016,10315,1,0
952367,9002,10265,1,1
952368,9005,10289,0,0
952369,9018,10582,0,0
952370,9003,10691,0,0
952371,9002,10481,0,0
952372,9002,10680,0,0
952373,9002,10006,0,0
952374,9016,10644,0,0
952375,9001,10771,0,0
952376,9019,10141,0,0
952377,9019,10282,1,1
952378,9009,10290,1,1
952379,9020,10205,0,0
952380,9009,10693,0,0
952381,9011,10559,1,0
952382,9001,10904,1,0
952383,9019,10332,0,0
952384,9017,10648,0,0
952385,9006,10403,1,0
952386,9001,10233,0,0
952387,9018,10714,1,0
952388,9009,10032,0,0
952389,9001,10789,1,0
952390,9004,10192,0,0
952391,9018,10407,0,0
952392,9017,10603,0,0
952393,9020,10857,0,0
952394,9019,10583,0,0
952395,9014,10298,0,0
952396,9007,10035,0,0
952397,9009,10898,0,0
952398,9020,10220,0,0
952399,9009,10711,0,0
952400,9015,10618,1,0
952401,9011,11000,1,1
952402,9007,10332,1,1
952403,9006,10052,0,0
952404,9009,10017,0,0
952405,9004,10854,1,0
952406,9017,10009,0,0
952407,9006,10180,0,0
952408,9017,10003,1,0
952409,9014,10278,0,0
952410,9005,10694,0,0
952411,9018,10804,0,0
952412,9008,10167,1,0
952413,9010,10251,0,0
952414,9011,10274,0,0
952415,9003,10593,0,0
952416,9002,10027,0,0
952417,9014,10118,0,0
952418,9004,10739,0,0
952419,9017,10352,0,0
952420,9017,10195,0,0
952421,9009,10653,0,0
952422,9009,10273,0,0
952423,9003,10317,0,0
952424,9004,10402,1,0
952425,9002,10755,0,0
952426,9014,10529,0,0
952427,9020,10696,0,0
952428,9008,10048,0,0
952429,9018,10016,1,0
952430,9004,10470,1,1
952431,9008,10921,0,0
952432,9007,10705,0,0
952433,9015,10283,0,0
952434,9015,10014,0,0
952435,9002,10348,1,1
952436,9004,10367,0,0
952437,9009,10228,0,0
952438,9007,10628,1,1
952439,9018,10373,1,0
952440,9012,10818,1,0
952441,9014,10736,0,0
952442,9007,10541,0,0
952443,9006,10977,0,0
952444,9019,10540,0,0
952445,9019,10405,0,0
952446,9015,10408,1,1
952447,9019,10558,0,0
952448,9012,10060,0,0
952449,9002,10867,1,0
952450,9011,10660,0,0
952451,9013,10052,0,0
952452,9004,10150,0,0
952453,9001,10836,1,1
952454,9002,10656,1,1
952455,9014,10661,1,0
952456,9018,10172,1,0
952457,9011,10318,0,0
952458,9011,10661,0,0
952459,9019,10616,1,1
952460,9017,10489,1,0
952461,9017,10651,0,0
952462,9002,10632,0,0
952463,9002,10956,0,0
952464,9013,10549,1,1
952465,9006,10684,0,0
952466,9015,10124,0,0
952467,9011,10278,1,1
952468,9004,10212,1,0
952469,9019,10706,0,0
952470,9014,10427,1,0
952471,9018,10459,0,0
952472,9017,10533,0,0
952473,9008,10929,0,0
952474,9013,10753,0,0
952475,9015,10657,0,0
952476,9011,10292,0,0
952477,9016,10142,1,0
952478,9018,10677,0,0
952479,9012,10927,0,0
952480,9012,10388,0,0
952481,9006,10646,0,0
952482,9006,10178,0,0
952483,9004,10085,0,0
952484,9001,10205,0,0
952485,9017,10550,0,0
952486,9004,10335,0,0
952487,9017,10389,0,0
952488,9005,10166,0,0
952489,9009,10536,0,0
952490,9006,10530,1,1
952491,9012,10861,0,0
952492,9017,10672,0,0
952493,9010,10839,0,0
952494,9002,10222,1,1
952495,9001,10614,0,0
952496,9013,10858,0,0
952497,9001,10328,0,0
952498,9013,10601,0,0
952499,9003,10670,0,0
952500,9011,10600,0,0
952501,9016,10414,1,1
952502,9018,10133,0,0
952503,9002,10772,0,0
952504,9018,10179,0,0
952505,9017,10905,1,1
952506,9001,10823,0,0
952507,9004,10289,0,0
952508,9020,10627,0,0
952509,9006,10349,0,0
952510,9005,10287,1,1
952511,9020,10364,0,0
952512,9009,10083,0,0
952513,9004,10237,0,0
952514,9005,10438,0,0
952515,9008,10239,0,0
952516,9017,10445,0,0
952517,9015,10066,0,0
952518,9020,10660,0,0
952519,9013,10716,0,0
952520,9015,10114,0,0
952521,9004,10853,0,0
952522,9018,10189,0,0
952523,9019,10991,1,0
952524,9008,10804,0,0
952525,9014,10596,1,0
952526,9001,10876,0,0
952527,9002,10276,0,0
952528,9020,10941,0,0
952529,9003,10612,0,0
952530,9016,10302,0,0
952531,9003,10885,0,0
952532,9006,10786,1,0
952533,9008,10710,0,0
952534,9012,10865,0,0
952535,9005,10970,1,0
952536,9005,10914,0,0
952537,9003,10960,1,1
952538,9004,10546,0,0
952539,9005,10591,0,0
952540,9003,10643,1,0
952541,9010,10584,0,0
952542,9019,10755,0,0
952543,9008,10651,1,0
952544,9006,10686,1,0
952545,9007,10480,1,0
952546,9006,10426,0,0
952547,9013,10017,1,0
952548,9013,10047,0,0
952549,9005,10030,1,1
952550,9006,10939,0,0
952551,9010,10392,0,0
952552,9020,10040,1,1
952553,9010,10711,1,1
952554,9016,10916,1,0
952555,9018,10844,0,0
952556,9003,10853,0,0
952557,9001,10668,1,0
952558,9003,10284,0,0
952559,9019,10059,1,1
952560,9001,10958,1,1
952561,9008,10848,1,0
952562,9019,10330,0,0
952563,9004,10950,1,1
952564,9016,10726,0,0
952565,9005,10263,1,1
952566,9005,10324,0,0
952567,9002,10024,0,0
952568,9006,10354,0,0
952569,9007,10809,0,0
952570,9015,10751,0,0
952571,9010,10054,0,0
952572,9010,10782,1,0
952573,9019,10684,1,1
952574,9016,10305,0,0
952575,9009,10319,0,0
952576,9008,10721,0,0
952577,9019,10045,1,0
952578,9001,10840,1,1
952579,9017,10362,0,0
952580,9018,10762,0,0
952581,9015,10461,0,0
952582,9006,10007,0,0
952583,9017,10259,0,0
952584,9018,10088,0,0
952585,9019,10943,0,0
952586,9002,10984,0,0
952587,9007,10189,0,0
952588,9017,10455,0,0
952589,9015,10542,0,0
952590,9016,10517,1,1
952591,9017,10360,0,0
952592,9003,10981,0,0
952593,9010,10369,0,0
952594,9006,10200,0,0
952595,9002,10007,0,0
952596,9011,10679,0,0
952597,9008,10386,0,0
952598,9014,10683,0,0
952599,9012,10396,0,0
952600,9020,10540,0,0
952601,9007,10620,0,0
952602,9018,10147,1,0
952603,9005,10284,0,0
952604,9006,10099,0,0
952605,9013,10588,0,0
952606,9002,10604,0,0
952607,9019,10507,0,0
952608,9008,10474,0,0
952609,9011,10742,1,0
952610,9016,10710,1,1
952611,9001,10147,0,0
952612,9016,10576,0,0
952613,9012,10859,0,0
952614,9017,10885,0,0
952615,9009,10905,0,0
952616,9006,10503,0,0
952617,9007,10937,1,1
952618,9013,10050,0,0
952619,9017,10522,0,0
952620,9010,10970,1,0
952621,9011,10225,0,0
952622,9014,10082,1,1
952623,9017,10182,1,1
952624,9016,10522,0,0
952625,9005,10903,0,0
952626,9018,10360,1,0
952627,9011,10928,0,0
952628,9010,10235,0,0
952629,9006,10822,0,0
952630,9010,10326,0,0
952631,9011,10467,0,0
952632,9001,10447,0,0
952633,9005,10745,0,0
952634,9002,10747,0,0
952635,9011,10546,0,0
952636,9014,10043,0,0
952637,9013,10382,0,0
952638,9011,10133,0,0
952639,9006,10403,1,0
952640,9002,10625,0,0
952641,9019,10370,0,0
952642,9009,10054,0,0
952643,9018,10654,0,0
952644,9014,10906,1,1
952645,9013,10561,0,0
952646,9012,10779,0,0
952647,9012,10159,1,1
952648,9013,10962,1,1
952649,9007,10138,0,0
952650,9016,10533,1,0
952651,9017,10897,1,0
952652,9009,10254,1,1
952653,9014,10302,0,0
952654,9009,10735,1,1
952655,9006,10715,0,0
952656,9001,10619,0,0
952657,9020,10074,0,0
952658,9001,10532,0,0
952659,9019,10277,0,0
952660,9015,10421,0,0
952661,9017,10997,0,0
952662,9020,10910,0,0
952663,9008,10954,1,0
952664,9003,10057,1,0
952665,9012,10569,0,0
952666,9015,10069,1,1
952667,9018,10198,0,0
952668,9013,10152,0,0
952669,9005,10720,0,0
952670,9017,10188,0,0
952671,9003,10663,0,0
952672,9019,10047,0,0
952673,9006,10934,0,0
952674,9017,10500,0,0
952675,9005,10720,0,0
952676,9005,10243,1,1
952677,9019,10180,0,0
952678,9011,10141,0,0
952679,9001,10499,1,0
952680,9013,10749,1,0
952681,9017,10008,1,1
952682,9011,10102,0,0
952683,9018,10160,1,0
952684,9004,10470,0,0
952685,9010,10657,1,0
952686,9011,10005,1,1
952687,9018,10840,0,0
952688,9001,10379,0,0
952689,9004,10381,0,0
952690,9005,10946,0,0
952691,9002,10606,0,0
952692,9012,10979,0,0
952693,9011,10908,0,0
952694,9016,10729,1,1
952695,9004,10684,0,0
952696,9007,10973,1,1
952697,9013,10836,1,0
952698,9014,10955,1,0
952699,9011,10650,1,1
952700,9008,10304,0,0
952701,9001,10156,0,0
952702,9008,10773,1,1
952703,9019,10988,0,0
952704,9017,10300,0,0
952705,9009,10671,1,1
952706,9013,10272,1,1
952707,9015,10123,0,0
952708,9013,10511,0,0
952709,9008,10279,0,0
952710,9012,10861,0,0
952711,9011,10367,1,1
952712,9020,10533,1,1
952713,9013,10898,0,0
952714,9016,10791,0,0
952715,9002,10720,0,0
952716,9006,10907,0,0
952717,9016,10630,0,0
952718,9018,10123,0,0
952719,9017,10713,1,1
952720,9015,10386,1,1
952721,9007,10850,0,0
952722,9014,10397,1,1
952723,9007,10301,1,1
952724,9006,10840,0,0
952725,9012,10394,0,0
952726,9002,10603,1,1
952727,9001,10593,0,0
952728,9018,10216,0,0
952729,9005,10789,0,0
952730,9007,10001,0,0
952731,9015,10144,0,0
952732,9006,10250,0,0
952733,9002,10171,0,0
952734,9017,10993,0,0
952735,9013,10134,1,0
952736,9013,10076,0,0
952737,9014,10480,1,1
952738,9008,10624,0,0
952739,9015,10762,0,0
952740,9011,10267,0,0
952741,9013,10466,0,0
952742,9020,10450,0,0
952743,9001,10096,0,0
952744,9002,10945,0,0
952745,9011,10753,1,0
952746,9014,10276,0,0
952747,9005,10789,1,0
952748,9007,10804,1,0
952749,9016,10550,1,0
952750,9011,10312,0,0
952751,9015,10347,0,0
952752,9004,10267,1,0
952753,9010,10274,0,0
952754,9001,10593,0,0
952755,9007,10098,1,0
952756,9012,10557,0,0
952757,9011,10666,0,0
952758,9011,10894,0,0
952759,9017,10315,1,0
952760,9001,10134,1,1
952761,9015,10555,0,0
952762,9020,10094,1,1
952763,9018,10180,0,0
952764,9004,10871,0,0
952765,9019,10256,0,0
952766,9005,10958,0,0
952767,9014,10754,0,0
952768,9013,10736,0,0
952769,9019,10017,0,0
952770,9019,10845,0,0
952771,9016,10629,0,0
952772,9019,10558,1,1
952773,9001,10681,0,0
952774,9010,10141,0,0
952775,9002,10390,0,0
952776,9015,10726,1,0
952777,9019,10737,0,0
952778,9004,10929,0,0
952779,9004,10900,0,0
952780,9012,10974,0,0
952781,9019,10690,0,0
952782,9009,10048,0,0
952783,9016,10611,0,0
952784,9015,10795,1,1
952785,9009,10262,0,0
952786,9019,10570,1,0
952787,9018,10253,0,0
952788,9007,10703,0,0
952789,9016,10513,0,0
952790,9015,10747,1,1
952791,9011,10796,0,0
952792,9006,10797,0,0
952793,9003,10864,0,0
952794,9014,10156,0,0
952795,9006,10603,0,0
952796,9017,10970,0,0
952797,9019,10210,1,0
952798,9018,10324,1,1
952799,9020,10742,0,0
952800,9016,10765,0,0
952801,9003,10755,0,0
952802,9006,10041,1,1
952803,9017,10362,0,0
952804,9020,10372,0,0
952805,9005,10951,1,1
952806,9016,10416,0,0
952807,9017,10635,0,0
952808,9016,10709,1,0
952809,9009,10662,0,0
952810,9007,10377,0,0
952811,9005,10752,0,0
952812,9009,10313,1,1
952813,9010,10278,0,0
952814,9001,10322,0,0
952815,9007,10937,0,0
952816,9005,10555,0,0
952817,9006,10034,0,0
952818,9006,10114,0,0
952819,9015,10002,1,0
952820,9008,10750,0,0
952821,9001,10759,0,0
952822,9010,10571,0,0
952823,9003,10036,0,0
952824,9016,10744,0,0
952825,9001,10008,1,0
952826,9016,10161,1,1
952827,9014,10801,0,0
952828,9005,10452,1,0
952829,9016,10530,0,0
952830,9011,10576,0,0
952831,9018,10573,0,0
952832,9007,10083,0,0
952833,9008,10010,0,0
952834,9017,10434,0,0
952835,9014,10618,0,0
952836,9017,10233,0,0
952837,9012,10222,0,0
952838,9018,10790,0,0
952839,9001,10551,0,0
952840,9007,10870,1,0
952841,9006,10321,0,0
952842,9015,10798,1,0
952843,9018,10645,1,1
952844,9011,10755,1,0
952845,9017,10879,0,0
952846,9001,10282,1,0
952847,9002,10120,0,0
952848,9007,10063,0,0
952849,9010,10686,0,0
952850,9014,10543,0,0
952851,9012,10743,1,1
952852,9017,10169,0,0
952853,9014,10652,0,0
952854,9019,10273,0,0
952855,9010,10658,0,0
952856,9012,10706,0,0
952857,9007,10369,0,0
952858,9008,10472,0,0
952859,9013,10860,0,0
952860,9006,10756,0,0
952861,9008,10295,0,0
952862,9005,10074,0,0
952863,9009,10879,0,0
952864,9011,10929,0,0
952865,9013,10984,0,0
952866,9001,10459,1,0
952867,9007,10648,0,0
952868,9006,10603,0,0
952869,9008,10538,1,0
952870,9002,10588,0,0
952871,9017,10547,0,0
952872,9017,10825,1,0
952873,9018,10207,0,0
952874,9007,10789,0,0
952875,9015,10165,0,0
952876,9013,10124,0,0
952877,9020,10734,0,0
952878,9014,10901,0,0
952879,9015,10273,1,1
952880,9003,10382,0,0
952881,9006,10474,0,0
952882,9009,10354,0,0
952883,9014,10097,0,0
952884,9016,10082,0,0
952885,9017,10537,0,0
952886,9012,10361,0,0
952887,9004,10061,0,0
952888,9005,10094,0,0
952889,9011,10805,0,0
952890,9011,10980,1,0
952891,9008,10365,0,0
952892,9018,10962,0,0
952893,9006,10758,1,0
952894,9007,10653,1,1
952895,9006,10889,0,0
952896,9014,10765,0,0
952897,9020,10296,1,0
952898,9006,10682,0,0
952899,9004,10852,0,0
952900,9013,10838,0,0
952901,9017,10971,1,1
952902,9012,10750,1,1
952903,9009,10921,1,0
952904,9020,10170,0,0
952905,9003,10906,0,0
952906,9011,10863,0,0
952907,9005,10299,1,1
952908,9003,10708,1,1
952909,9017,10896,1,0
952910,9009,10857,0,0
952911,9006,10668,0,0
952912,9018,10920,0,0
952913,9006,10611,0,0
952914,9006,10809,0,0
952915,9010,10317,0,0
952916,9011,10892,1,1
952917,9014,10645,1,0
952918,9012,10865,0,0
952919,9020,10651,0,0
952920,9018,10264,0,0
952921,9015,10661,0,0
952922,9010,10480,0,0
952923,9001,10960,1,1
952924,9015,10261,0,0
952925,9002,10546,0,0
952926,9020,10521,0,0
952927,9002,10806,0,0
952928,9004,10043,1,1
952929,9014,10096,1,0
952930,9019,10394,0,0
952931,9014,10524,0,0
952932,9013,10355,1,1
952933,9001,10999,0,0
952934,9010,10402,0,0
952935,9014,10471,0,0
952936,9017,10652,0,0
952937,9016,10287,0,0
952938,9015,10779,1,0
952939,9011,10866,0,0
952940,9012,10283,1,1
952941,9001,10533,1,0
952942,9003,10896,0,0
952943,9011,10970,0,0
952944,9011,10269,0,0
952945,9005,10762,1,0
952946,9015,10557,0,0
952947,9020,10687,1,1
952948,9016,10281,0,0
952949,9003,10077,1,0
952950,9008,10745,1,1
952951,9016,10832,0,0
952952,9016,10710,0,0
952953,9004,10355,0,0
952954,9015,10255,0,0
952955,9019,10668,0,0
952956,9015,10916,1,0
952957,9013,10980,1,0
952958,9010,10425,0,0
952959,9002,10004,0,0
952960,9006,10084,0,0
952961,9017,10709,0,0
952962,9008,10214,0,0
952963,9016,10792,1,0
952964,9013,10657,1,1
952965,9012,10901,1,0
952966,9016,10057,0,0
952967,9007,10154,0,0
952968,9010,10612,1,1
952969,9006,10712,0,0
952970,9005,10969,1,0
952971,9018,10401,0,0
952972,9016,10952,1,1
952973,9003,10520,1,1
952974,9003,10960,0,0
952975,9005,10965,1,1
952976,9002,10522,0,0
952977,9001,10946,0,0
952978,9004,10636,0,0
952979,9010,10951,0,0
952980,9013,10270,1,0
952981,9003,10859,0,0
952982,9011,10539,0,0
952983,9003,10512,1,1
952984,9010,10517,0,0
952985,9009,10847,1,0
952986,9010,10412,0,0
952987,9013,10645,1,1
952988,9018,10342,1,1
952989,9018,10140,1,1
952990,9017,10264,1,0
952991,9017,10827,0,0
952992,9005,10449,0,0
952993,9009,10227,0,0
952994,9012,10060,0,0
952995,9012,10080,0,0
952996,9019,10055,1,0
952997,9007,10606,0,0
952998,9020,10427,1,1
952999,9012,10553,1,0
953000,9009,10522,0,0
