customer_id,age,gender,location_code,customer_segment,employment_status,signup_date
10001,64,Male,DET,Regular,Employed,2025-04-11
10002,29,Male,BUF,Casual,Employed,2025-01-01
10003,33,Female,CIN,Casual,Student,2024-11-13
10004,41,Male,COL,Regular,Employed,2024-05-23
10005,36,Male,CLE,Casual,Employed,2025-01-18
10006,25,Male,CLE,Loyal,Employed,2024-08-03
10007,48,Male,CLE,Casual,Employed,2024-12-26
10008,38,Male,IND,Casual,Employed,2024-11-19
10009,34,Female,COL,Regular,Employed,2024-01-15
10010,40,Male,COL,Casual,Self-Employed,2024-08-04
10011,54,Female,CLE,Casual,Employed,2025-05-06
10012,33,Male,BUF,Regular,Retired,2025-06-30
10013,23,Female,IND,Casual,Unemployed,2024-07-01
10014,25,Female,CHI,Loyal,Employed,2024-09-26
10015,42,Female,CLE,Casual,Employed,2025-04-11
10016,35,Female,CLE,Casual,Employed,2025-09-03
10017,42,Male,CHI,Loyal,Self-Employed,2025-06-02
10018,29,Male,PIT,Casual,Employed,2025-06-25
10019,32,Female,DET,Casual,Employed,2025-04-11
10020,43,Prefer not to say,CHI,Casual,Employed,2024-10-31
10021,58,Female,COL,Casual,Self-Employed,2024-05-23
10022,62,Female,CLE,Loyal,Self-Employed,2024-04-20
10023,43,Female,CHI,Casual,Employed,2024-08-19
10024,64,Female,DET,Loyal,Student,2025-08-06
10025,49,Male,DET,Loyal,Employed,2025-08-14
10026,27,Female,CIN,Regular,Employed,2025-05-14
10027,33,Non-Binary,CLE,Loyal,Retired,2025-08-17
10028,24,Male,PIT,Casual,Employed,2025-07-07
10029,34,Female,COL,VIP,Employed,2024-09-29
10030,40,Male,CLE,Casual,Employed,2024-06-21
10031,43,Female,COL,Regular,Retired,2024-01-07
10032,38,Male,CLE,Regular,Self-Employed,2024-06-03
10033,39,Male,CLE,Casual,Student,2025-06-05
10034,24,Female,BUF,Regular,Self-Employed,2025-06-29
10035,31,Male,BUF,Regular,Employed,2025-07-01
10036,32,Female,CIN,Casual,Employed,2025-06-01
10037,70,Female,CHI,Casual,Employed,2024-08-02
10038,24,F,CLE,Regular,Employed,2024-05-13
10039,26,Male,COL,Regular,Employed,2024-10-11
10040,68,Male,DET,VIP,Retired,2024-05-05
10041,65,Male,CLE,Loyal,Employed,2025-03-14
10042,25,Prefer not to say,PIT,VIP,Employed,2024-05-31
10043,67,Non-Binary,CLE,Regular,Employed,2024-11-26
10044,40,Female,IND,Casual,Employed,2025-06-21
10045,46,Female,CHI,Casual,Retired,2025-01-17
10046,35,Female,COL,Loyal,Employed,2024-04-24
10047,48,Female,CHI,Regular,Employed,2025-04-26
10048,47,Male,PIT,Casual,Self-Employed,2024-10-10
10049,69,Female,PIT,Casual,Employed,2024-03-15
10050,56,Male,CLE,VIP,Employed,2024-06-14
10051,52,Female,BUF,Regular,Employed,2024-07-07
10052,35,Female,CIN,Regular,Employed,2024-03-18
10053,59,Female,BUF,Regular,Unemployed,2025-08-24
10054,56,Male,IND,Casual,Self-Employed,2024-01-21
10055,34,Male,COL,Casual,Employed,2025-07-19
10056,31,Male,BUF,Casual,Self-Employed,2024-07-02
10057,48,Male,CLE,Casual,Employed,2024-08-09
10058,41,Male,CLE,Loyal,Employed,2024-11-23
10059,52,Non-Binary,CLE,Casual,Employed,2024-06-27
10060,61,Female,CHI,Loyal,Employed,2024-04-21
10061,62,Male,DET,Loyal,Employed,2024-02-28
10062,51,Male,CHI,Casual,Employed,2024-11-22
10063,20,Male,IND,Regular,Retired,2025-09-12
10064,54,Female,CHI,Regular,Employed,2025-10-30
10065,60,Female,CHI,Loyal,Employed,2024-07-09
10066,57,Female,PIT,Casual,Employed,2024-07-18
10067,43,Female,CLE,Regular,Employed,2024-11-07
10068,40,Prefer not to say,CIN,Regular,Employed,2024-02-04
10069,61,Female,CLE,Casual,Employed,2025-01-13
10070,56,Male,BUF,Casual,Self-Employed,2025-01-21
10071,32,Non-Binary,CIN,Regular,Employed,2024-08-24
10072,66,Male,CLE,Loyal,Employed,2025-09-07
10073,21,Female,CLE,Casual,Employed,2025-06-02
10074,46,Male,IND,Regular,Employed,2024-10-09
10075,39,Female,COL,Casual,Employed,2024-01-01
10076,42,Female,CIN,Regular,Student,2025-04-08
10077,30,Female,CIN,Casual,Employed,2024-08-17
10078,35,Female,CLE,Loyal,Employed,2024-06-20
10079,50,Male,CHI,Casual,Employed,2024-03-27
10080,33,Male,CLE,Casual,Employed,2025-07-06
10081,62,Male,IND,Casual,Employed,2024-05-02
10082,59,Male,COL,Casual,Self-Employed,2024-10-24
10083,61,Female,CHI,Regular,Employed,2025-07-28
10084,19,Male,CLE,Casual,Self-Employed,2025-04-28
10085,52,Prefer not to say,CHI,Loyal,Employed,2024-06-13
10086,59,Female,CHI,Casual,Self-Employed,2025-01-17
10087,51,Female,CIN,Casual,Employed,2024-07-27
10088,47,Male,COL,Casual,Student,2025-03-07
10089,30,Female,IND,Casual,Employed,2025-01-23
10090,30,Non-Binary,DET,Casual,Retired,2025-07-13
10091,35,Female,CLE,Casual,Employed,2024-08-11
10092,49,Female,COL,Regular,Employed,2024-01-03
10093,49,Female,CIN,Casual,Employed,2025-01-06
10094,52,Male,PIT,Regular,Self-Employed,2025-03-21
10095,56,Female,CIN,Regular,Employed,2025-09-02
10096,63,Male,PIT,Casual,Self-Employed,2024-04-25
10097,69,Male,PIT,Regular,Employed,2024-09-26
10098,46,Male,DET,VIP,Employed,2025-03-22
10099,66,Male,CLE,Regular,Employed,2025-01-02
10100,46,Male,CLE,Regular,Unemployed,2024-09-09
10101,70,Male,CLE,Casual,Student,2024-11-12
10102,61,Prefer not to say,COL,Loyal,Retired,2025-02-18
10103,33,Female,CHI,Loyal,Employed,2024-04-04
10104,61,Prefer not to say,PIT,Regular,Employed,2024-01-24
10105,64,Male,IND,VIP,Student,2025-09-19
10106,27,Male,CHI,Casual,Employed,2025-10-24
10107,47,Female,DET,Casual,Self-Employed,2024-02-19
10108,42,Male,CIN,Loyal,Unemployed,2025-05-16
10109,56,Male,CHI,Loyal,Retired,2025-05-12
10110,37,Female,CLE,Casual,Student,2024-11-30
10111,22,Male,CHI,Casual,Employed,2024-03-19
10112,18,Female,CLE,Casual,Employed,2025-08-04
10113,47,Female,BUF,Casual,Unemployed,2024-01-27
10114,66,Male,CIN,Loyal,Employed,2024-09-27
10115,20,Male,COL,Regular,Student,2025-07-15
10116,62,Female,IND,Casual,Student,2024-09-03
10117,31,Male,CIN,Casual,Student,2025-08-13
10118,47,Male,CLE,Casual,Unemployed,2025-01-21
10119,67,Prefer not to say,IND,Casual,Employed,2025-07-12
10120,21,Male,PIT,Regular,Employed,2024-12-26
10121,35,Female,CIN,VIP,Employed,2025-05-02
10122,54,Prefer not to say,IND,Loyal,Employed,2024-12-17
10123,42,Male,CHI,Casual,Employed,2024-09-12
10124,65,Male,CLE,Loyal,Employed,2024-08-09
10125,18,Male,CHI,Loyal,Self-Employed,2024-01-01
10126,70,Male,DET,Loyal,Retired,2025-06-29
10127,63,Male,IND,Regular,Employed,2025-03-21
10128,32,Female,IND,Casual,Employed,2024-03-19
10129,26,Male,CLE,Casual,Retired,2024-08-23
10130,32,Female,PIT,Casual,Employed,2024-11-29
10131,66,Prefer not to say,DET,Casual,Employed,2024-12-14
10132,41,Female,CHI,Casual,Employed,2024-04-07
10133,21,Female,CLE,Regular,Employed,2024-03-22
10134,29,Male,CHI,Loyal,Employed,2025-05-16
10135,54,Female,BUF,Regular,Unemployed,2025-04-21
10136,54,Female,CHI,Casual,Employed,2025-07-03
10137,60,Male,PIT,VIP,Employed,2024-01-14
10138,23,Male,COL,VIP,Employed,2025-01-26
10139,56,Female,DET,Loyal,Employed,2024-12-12
10140,63,Male,BUF,VIP,Student,2024-11-05
10141,41,Male,BUF,Regular,Self-Employed,2025-01-20
10142,28,Male,CHI,VIP,Self-Employed,2024-07-27
10143,30,Male,PIT,Casual,Employed,2024-12-22
10144,51,Female,CHI,Casual,Retired,2025-08-23
10145,42,Female,CHI,Casual,Self-Employed,2025-07-21
10146,24,Female,CLE,Casual,Self-Employed,2024-04-03
10147,69,Male,COL,Casual,Employed,2024-04-02
10148,21,Male,PIT,Regular,Employed,2024-12-05
10149,25,Female,CLE,Loyal,Employed,2025-08-19
10150,37,Male,CHI,Regular,Student,2025-03-20
10151,46,Male,IND,Casual,Employed,2024-01-22
10152,70,Female,CHI,Loyal,Employed,2024-10-17
10153,68,Male,CLE,Regular,Retired,2025-04-29
10154,62,Female,PIT,Casual,Retired,2024-11-01
10155,63,Male,BUF,Regular,Retired,2025-09-25
10156,27,Male,CHI,Casual,Employed,2024-05-07
10157,60,Male,COL,Casual,Student,2025-09-16
10158,51,Prefer not to say,CIN,Loyal,Employed,2024-09-29
10159,43,Female,CHI,Casual,Employed,2025-03-17
10160,58,Non-Binary,CIN,Regular,Employed,2025-05-17
10161,66,Female,DET,Loyal,Employed,2024-05-09
10162,20,Male,COL,Regular,Employed,2024-05-11
10163,23,Female,COL,Casual,Self-Employed,2025-08-19
10164,22,Male,PIT,Casual,Employed,2025-04-26
10165,22,Female,CLE,Casual,Student,2025-01-24
10166,64,Male,IND,Regular,Employed,2025-08-15
10167,40,Female,CHI,Regular,Employed,2024-11-20
10168,66,Male,CLE,Casual,Employed,2024-03-09
10169,26,Male,CLE,VIP,Employed,2025-10-21
10170,52,Female,COL,Regular,Employed,2025-03-23
10171,37,Female,COL,Casual,Employed,2025-06-11
10172,66,Male,CLE,Regular,Employed,2025-09-08
10173,59,Male,PIT,Regular,Employed,2024-06-13
10174,52,Male,CHI,Casual,Employed,2025-05-02
10175,67,Female,COL,Casual,Retired,2025-03-01
10176,35,Female,CLE,Loyal,Employed,2024-09-21
10177,34,Non-Binary,COL,Regular,Student,2025-09-03
10178,41,Female,DET,Regular,Student,2024-12-07
10179,20,Male,BUF,Regular,Retired,2024-10-04
10180,49,Female,CLE,Casual,Self-Employed,2025-03-14
10181,52,Male,CHI,Casual,Employed,2024-06-05
10182,55,Male,CLE,Regular,Student,2025-02-25
10183,30,Female,BUF,Casual,Retired,2024-09-07
10184,64,Male,IND,Casual,Employed,2025-08-31
10185,42,Female,CHI,Loyal,Employed,2025-06-13
10186,26,Female,COL,VIP,Employed,2024-11-22
10187,21,Female,IND,Loyal,Self-Employed,2024-04-06
10188,31,Female,PIT,Loyal,Self-Employed,2025-05-27
10189,54,Female,PIT,Casual,Employed,2024-08-03
10190,51,Female,CHI,VIP,Employed,2024-05-11
10191,28,Female,CLE,Casual,Employed,2024-09-16
10192,58,Male,IND,VIP,Employed,2024-05-04
10193,20,Female,IND,VIP,Unemployed,2024-03-22
10194,45,Male,COL,Regular,Employed,2024-10-09
10195,46,Female,CHI,VIP,Employed,2024-02-28
10196,26,Female,CHI,Regular,Employed,2025-06-27
10197,20,Female,CIN,Casual,Student,2024-06-09
10198,42,Male,IND,Regular,Employed,2024-10-10
10199,51,Male,IND,Regular,Student,2024-04-15
10200,29,Female,CLEV,Casual,Employed,2024-04-14
10201,59,Male,COL,Regular,Employed,2025-03-14
10202,26,Male,CLE,VIP,Employed,2024-08-15
10203,32,Male,CLE,Casual,Employed,2025-08-04
10204,57,Non-Binary,IND,Loyal,Employed,2024-11-13
10205,42,Female,COL,Loyal,Retired,2025-04-08
10206,22,Male,CLE,VIP,Self-Employed,2025-08-21
10207,28,Male,CLE,VIP,Unemployed,2025-04-16
10208,51,Male,COL,Regular,Employed,2024-02-25
10209,41,Female,CLE,VIP,Unemployed,2025-09-16
10210,32,Female,CLE,Loyal,Employed,2024-01-13
10211,55,Male,PIT,Casual,Employed,2025-03-15
10212,25,Male,COL,Regular,Employed,2024-01-18
10213,22,Male,COL,Regular,Employed,2024-04-22
10214,65,Female,CHI,Casual,Student,2024-08-16
10215,43,Female,COL,Regular,Employed,2024-06-19
10216,35,Male,CHI,Regular,Employed,2024-10-21
10217,23,Male,CHI,Casual,Employed,2024-07-07
10218,54,Male,CIN,Regular,Employed,2025-03-01
10219,65,Prefer not to say,COL,Loyal,Employed,2024-03-19
10220,30,Male,IND,Regular,Employed,2025-10-19
10221,45,Female,COL,Casual,Self-Employed,2024-06-30
10222,22,Female,PIT,Casual,Self-Employed,2025-05-13
10223,30,Male,CLE,Casual,Employed,2024-03-11
10224,34,Male,DET,VIP,Employed,2024-09-04
10225,67,Male,CHI,Casual,Employed,2024-05-25
10226,57,Female,CHI,Regular,Self-Employed,2025-09-09
10227,62,Female,BUF,Casual,Employed,2024-10-22
10228,49,Female,DET,Casual,Employed,2025-08-04
10229,46,Female,IND,Loyal,Employed,2025-04-14
10230,68,Male,COL,Loyal,Employed,2025-05-20
10231,20,Prefer not to say,CIN,Casual,Employed,2024-07-11
10232,57,Female,PIT,Regular,Self-Employed,2024-03-08
10233,51,Male,PIT,Casual,Employed,2025-05-08
10234,57,Prefer not to say,PIT,Regular,Employed,2024-02-21
10235,44,Female,CLE,Regular,Self-Employed,2024-12-28
10236,30,Female,CIN,Casual,Self-Employed,2025-04-18
10237,62,Female,CHI,Casual,Employed,2025-06-04
10238,50,Female,CLE,Casual,Employed,2025-03-06
10239,23,Female,COL,Loyal,Employed,2024-10-24
10240,41,Male,CLE,VIP,Retired,2025-03-10
10241,36,Male,BUF,Casual,Employed,2024-07-16
10242,33,Non-Binary,BUF,Loyal,Retired,2024-05-07
10243,57,M,BUF,Casual,Student,2025-06-15
10244,45,Male,DET,Casual,Employed,2025-02-14
10245,50,Male,CLE,Loyal,Employed,2024-03-05
10246,65,Male,BUF,Loyal,Employed,2024-08-28
10247,58,Female,DET,VIP,Employed,2025-01-03
10248,30,Non-Binary,BUF,Regular,Employed,2025-06-19
10249,60,Male,BUF,Casual,Student,2025-01-18
10250,62,Male,IND,Loyal,Unemployed,2025-03-06
10251,42,Male,CHI,Casual,Employed,2024-03-23
10252,70,Female,DET,Regular,Student,2025-09-02
10253,59,Female,IND,Casual,Employed,2025-07-27
10254,53,Male,CHI,Regular,Employed,2024-10-12
10255,44,Female,CLE,Casual,Employed,2025-06-17
10256,55,Female,PIT,Casual,Employed,2025-04-03
10257,24,Female,BUF,Loyal,Retired,2024-07-30
10258,22,Female,COL,Casual,Student,2024-05-05
10259,60,Male,PIT,Regular,Employed,2025-02-16
10260,62,Female,CLE,Casual,Employed,2025-05-13
10261,68,Female,COL,Casual,Employed,2025-02-28
10262,48,Female,BUF,Casual,Employed,2025-07-07
10263,40,M,CLE,Casual,Self-Employed,2025-09-01
10264,59,Female,PIT,Loyal,Self-Employed,2025-06-26
10265,27,Female,IND,Casual,Employed,2024-06-06
10266,49,Male,CIN,VIP,Employed,2024-04-21
10267,60,Female,COL,Regular,Employed,2025-02-05
10268,70,Prefer not to say,COL,Regular,Employed,2024-05-01
10269,47,Non-Binary,CHI,Regular,Employed,2024-09-29
10270,56,Male,CHI,Regular,Employed,2024-10-20
10271,48,Male,CIN,Loyal,Student,2025-02-01
10272,35,Male,IND,Casual,Student,2025-04-15
10273,53,Female,IND,Casual,Employed,2024-07-25
10274,19,Female,BUF,Loyal,Employed,2024-04-19
10275,31,Male,PIT,VIP,Employed,2025-03-15
10276,30,Female,PIT,Loyal,Employed,2024-10-04
10277,46,Female,CIN,Casual,Self-Employed,2025-07-21
10278,29,Female,COL,Loyal,Employed,2025-07-22
10279,56,Female,COL,Regular,Employed,2025-04-26
10280,19,Female,CIN,Regular,Employed,2024-04-23
10281,49,Female,IND,Casual,Retired,2025-04-21
10282,30,Male,CHI,Regular,Employed,2024-11-16
10283,63,Female,DET,Casual,Employed,2024-06-27
10284,44,Female,CLE,Casual,Employed,2024-08-06
10285,66,Female,PIT,Loyal,Student,2025-06-11
10286,58,Female,CLE,Casual,Unemployed,2025-05-06
10287,34,F,DET,Casual,Employed,2024-03-01
10288,57,Male,PIT,Casual,Retired,2024-02-23
10289,48,Female,CHI,VIP,Retired,2025-06-21
10290,51,Male,COL,Regular,Retired,2024-03-05
10291,41,Male,CLE,Casual,Student,2025-09-03
10292,62,Female,CLE,Loyal,Student,2025-08-08
10293,52,Prefer not to say,IND,Loyal,Employed,2024-06-19
10294,65,Male,DET,Casual,Self-Employed,2024-09-29
10295,23,Male,CLE,Regular,Employed,2025-06-18
10296,36,F,PIT,Loyal,Student,2025-01-25
10297,47,Male,CIN,Regular,Employed,2024-11-22
10298,24,Female,CHI,Casual,Student,2024-04-17
10299,27,Female,COL,Loyal,Self-Employed,2024-06-10
10300,58,Female,CLE,Regular,Employed,2025-03-27
10301,49,Male,CLE,Casual,Self-Employed,2024-07-24
10302,51,Male,PIT,Regular,Employed,2025-08-12
10303,45,Female,PIT,Casual,Self-Employed,2024-01-16
10304,32,Female,COL,Casual,Employed,2024-11-22
10305,47,Male,CIN,Loyal,Employed,2025-08-30
10306,54,Female,BUF,Casual,Retired,2025-10-20
10307,46,Male,PIT,Casual,Employed,2024-01-02
10308,39,Female,CHI,Regular,Self-Employed,2024-01-10
10309,21,Male,CIN,Casual,Employed,2025-03-09
10310,37,Non-Binary,CHI,VIP,Employed,2024-05-04
10311,49,Male,DET,Casual,Employed,2024-03-21
10312,53,Male,CLE,Casual,Employed,2025-04-29
10313,67,Male,CLE,Casual,Employed,2025-10-13
10314,21,Male,BUF,Casual,Employed,2024-05-29
10315,44,Female,IND,Casual,Employed,2024-12-05
10316,34,Prefer not to say,COL,Loyal,Employed,2024-05-08
10317,29,Male,DET,VIP,Unemployed,2025-03-13
10318,39,Male,CLE,Casual,Unemployed,2025-05-15
10319,34,Female,CLE,Regular,Employed,2024-02-27
10320,27,Female,CHI,Loyal,Student,2024-07-16
10321,18,Female,PIT,Loyal,Employed,2024-07-29
10322,39,Male,COL,Regular,Student,2024-02-14
10323,43,Male,COL,Casual,Self-Employed,2024-04-06
10324,35,Female,CHI,Casual,Unemployed,2024-10-05
10325,67,Male,BUF,Regular,Employed,2025-06-18
10326,31,Female,CIN,Loyal,Self-Employed,2025-02-13
10327,64,Male,PIT,Casual,Employed,2025-04-05
10328,46,Female,COL,Casual,Unemployed,2025-01-25
10329,29,Male,DET,Loyal,Employed,2024-02-13
10330,53,Female,CHI,Loyal,Employed,2024-01-27
10331,52,Female,CHI,VIP,Student,2024-04-06
10332,69,Female,CIN,Loyal,Student,2025-07-01
10333,29,Male,CLE,Casual,Employed,2025-09-12
10334,24,Female,CLE,Regular,Retired,2025-07-20
10335,46,Female,CLE,Regular,Employed,2024-08-06
10336,28,Female,CLE,Casual,Student,2024-07-03
10337,50,Female,IND,Regular,Employed,2024-03-09
10338,23,Female,COL,Regular,Employed,2024-05-09
10339,64,Female,DET,Casual,Employed,2025-07-20
10340,32,Male,CLE,Loyal,Employed,2025-08-31
10341,49,Female,PIT,Regular,Employed,2025-08-21
10342,68,Female,DET,VIP,Employed,2025-09-22
10343,28,Male,CLE,Casual,Employed,2024-11-29
10344,40,Male,DET,Casual,Self-Employed,2024-06-02
10345,43,Male,DET,Regular,Retired,2025-06-30
10346,51,Female,COL,Casual,Employed,2024-03-19
10347,63,Female,COL,Regular,Employed,2025-08-01
10348,51,Female,CLE,Loyal,Employed,2025-02-16
10349,46,Female,DET,Casual,Employed,2025-06-29
10350,21,Male,COL,Regular,Student,2025-08-31
10351,34,Male,PIT,Regular,Employed,2024-06-17
10352,52,Male,IND,Casual,Employed,2025-10-24
10353,30,Male,COL,VIP,Employed,2025-08-05
10354,58,Male,CLE,Loyal,Employed,2025-05-29
10355,56,Male,CLE,Regular,Self-Employed,2024-11-09
10356,32,Female,COL,Regular,Unemployed,2024-02-01
10357,46,Female,CLE,Regular,Employed,2024-10-13
10358,46,Prefer not to say,COL,VIP,Employed,2025-08-16
10359,28,Non-Binary,BUF,Regular,Retired,2024-02-12
10360,69,Female,PIT,Loyal,Retired,2025-09-08
10361,49,Male,DET,Loyal,Employed,2024-01-01
10362,19,Female,COL,Casual,Employed,2025-07-26
10363,64,Female,DET,Loyal,Employed,2024-09-26
10364,31,Male,PIT,Casual,Employed,2024-06-28
10365,37,Male,BUF,Casual,Employed,2025-06-01
10366,39,Female,DET,Casual,Employed,2024-04-12
10367,28,Male,BUF,VIP,Employed,2024-01-10
10368,44,Female,IND,Loyal,Employed,2025-08-05
10369,20,M,CLE,Regular,Self-Employed,2024-03-30
10370,34,Male,CLE,Loyal,Employed,2024-08-13
10371,61,Male,CLE,Regular,Employed,2025-10-31
10372,45,Male,CLE,VIP,Employed,2024-05-05
10373,46,Male,CLE,Regular,Employed,2024-07-27
10374,38,Male,COL,Casual,Unemployed,2024-04-06
10375,64,Female,CLE,Casual,Employed,2024-03-14
10376,33,Male,CHI,Loyal,Employed,2025-09-18
10377,54,Female,IND,Loyal,Student,2024-07-09
10378,37,Male,CLE,Casual,Employed,2024-02-25
10379,23,Non-Binary,IND,Casual,Retired,2025-07-06
10380,36,Male,CHI,Loyal,Employed,2024-02-01
10381,22,Male,CLE,Casual,Employed,2025-06-10
10382,20,Female,COL,Regular,Employed,2025-07-27
10383,18,Female,COL,VIP,Employed,2025-10-28
10384,55,Male,IND,Regular,Self-Employed,2024-10-10
10385,32,Female,CIN,Casual,Self-Employed,2025-05-08
10386,51,Male,CIN,Regular,Employed,2024-07-05
10387,52,Female,CHI,Loyal,Employed,2025-05-12
10388,66,Male,CLE,Regular,Self-Employed,2025-03-17
10389,42,Male,CIN,VIP,Retired,2024-05-09
10390,41,Female,CIN,Casual,Employed,2025-09-30
10391,29,Female,BUF,Regular,Employed,2024-10-18
10392,35,Male,DET,Regular,Employed,2024-04-23
10393,32,Female,DET,Loyal,Retired,2024-07-17
10394,61,Female,CIN,Casual,Employed,2024-01-13
10395,33,Male,CHI,Loyal,Employed,2024-09-27
10396,44,Female,BUF,Regular,Self-Employed,2025-08-23
10397,25,Male,IND,Casual,Employed,2024-08-02
10398,63,Female,DET,Casual,Employed,2025-03-19
10399,42,Female,CIN,Loyal,Employed,2025-05-26
10400,34,Non-Binary,CIN,Casual,Employed,2025-03-22
10401,46,Male,CLE,Casual,Employed,2024-03-14
10402,70,Male,IND,Casual,Employed,2025-06-20
10403,25,Male,PIT,Loyal,Employed,2024-04-10
10404,32,Male,IND,Regular,Employed,2024-06-24
10405,44,Male,CHI,Loyal,Self-Employed,2025-03-02
10406,63,Female,IND,Casual,Self-Employed,2024-04-26
10407,67,Male,DET,Regular,Employed,2024-06-14
10408,69,Male,CLE,Regular,Employed,2024-02-10
10409,24,Female,IND,Loyal,Employed,2025-03-04
10410,20,Male,CLE,Loyal,Employed,2024-12-09
10411,46,Female,CHI,Casual,Employed,2025-02-27
10412,61,Male,BUF,Regular,Student,2024-12-31
10413,70,Female,BUF,Casual,Employed,2024-04-29
10414,41,Male,PIT,Regular,Employed,2025-08-31
10415,20,Male,COL,Casual,Employed,2025-10-18
10416,37,Female,DET,Casual,Student,2024-08-16
10417,63,Male,CHI,Casual,Employed,2024-05-09
10418,32,Female,CHI,Regular,Student,2024-12-17
10419,42,Male,COL,Casual,Employed,2024-11-13
10420,47,Male,CIN,Loyal,Retired,2025-10-10
10421,31,Female,CIN,Casual,Retired,2024-12-02
10422,24,Male,CIN,Casual,Employed,2024-09-29
10423,34,Female,CLE,Loyal,Employed,2024-04-26
10424,61,Prefer not to say,PIT,Casual,Employed,2025-01-02
10425,37,Female,CLE,Regular,Employed,2024-04-03
10426,53,Non-Binary,PIT,Regular,Student,2024-06-16
10427,26,Male,DET,Casual,Self-Employed,2024-12-06
10428,55,Male,IND,Casual,Student,2025-10-22
10429,65,Male,CHI,Casual,Self-Employed,2024-05-31
10430,39,Female,CLE,VIP,Employed,2025-08-08
10431,70,Prefer not to say,CLE,Regular,Employed,2024-09-30
10432,70,Male,CIN,Regular,Student,2025-07-07
10433,19,Female,COL,Regular,Employed,2025-05-10
10434,41,Male,CLE,Casual,Student,2024-04-10
10435,25,Female,CLE,Casual,Employed,2025-07-10
10436,28,Female,COL,Loyal,Employed,2024-03-22
10437,30,Prefer not to say,CLE,Casual,Unemployed,2025-06-12
10438,34,Female,IND,Casual,Employed,2024-03-13
10439,25,Male,COL,Casual,Unemployed,2024-01-14
10440,38,Male,CLE,Regular,Unemployed,2025-03-08
10441,35,Male,CLE,VIP,Self-Employed,2024-06-05
10442,47,Male,BUF,Casual,Student,2024-05-11
10443,35,Male,DET,Regular,Employed,2024-12-03
10444,63,Female,DET,Casual,Retired,2025-02-07
10445,64,Female,IND,VIP,Employed,2025-01-10
10446,48,Female,BUF,Casual,Employed,2025-07-12
10447,55,Male,BUF,Casual,Employed,2024-04-16
10448,49,Female,CIN,Loyal,Employed,2025-09-11
10449,28,Female,DET,Regular,Employed,2024-09-21
10450,62,Male,CLE,Regular,Employed,2024-07-23
10451,42,Female,CIN,Casual,Employed,2024-03-19
10452,50,Female,PIT,Casual,Self-Employed,2024-06-03
10453,55,M,DET,Casual,Employed,2024-09-03
10454,58,Male,IND,Casual,Retired,2025-06-14
10455,25,Female,CLE,Regular,Student,2025-06-21
10456,28,Male,PIT,Casual,Self-Employed,2024-06-02
10457,39,Non-Binary,CLE,Casual,Employed,2024-06-02
10458,68,Female,DET,Regular,Self-Employed,2024-04-01
10459,41,Female,CLE,VIP,Employed,2025-03-08
10460,58,Female,CLE,Regular,Self-Employed,2024-12-03
10461,34,Male,CLE,Casual,Employed,2025-04-24
10462,29,Female,COL,Casual,Retired,2024-05-10
10463,63,Female,CIN,VIP,Unemployed,2025-03-25
10464,49,Male,COL,Casual,Employed,2024-09-29
10465,32,Female,BUF,Casual,Employed,2025-08-10
10466,33,Female,DET,Regular,Self-Employed,2024-06-25
10467,39,Male,CHI,Regular,Employed,2025-10-04
10468,45,Male,IND,Regular,Retired,2024-02-18
10469,37,Female,CHI,Casual,Employed,2025-07-20
10470,50,Male,BUF,Casual,Employed,2025-10-27
10471,27,Male,CLE,VIP,Unemployed,2024-12-20
10472,57,Male,BUF,Casual,Student,2024-11-03
10473,49,Male,CLE,Regular,Self-Employed,2025-09-21
10474,67,Female,IND,Regular,Employed,2024-02-15
10475,50,Female,PIT,Regular,Student,2024-10-28
10476,19,Male,BUF,Casual,Employed,2025-02-11
10477,50,Female,CLE,Casual,Employed,2024-07-07
10478,50,Female,PIT,Regular,Student,2024-05-08
10479,58,Female,BUF,Loyal,Employed,2025-07-14
10480,30,Male,PIT,VIP,Employed,2025-06-20
10481,47,Male,COL,Casual,Employed,2024-09-22
10482,50,Prefer not to say,COL,Casual,Self-Employed,2024-04-27
10483,30,Female,DET,VIP,Employed,2025-04-08
10484,69,Male,COL,Loyal,Student,2024-05-23
10485,43,Male,COL,Loyal,Employed,2025-03-17
10486,39,Female,IND,Casual,Student,2024-07-18
10487,56,Female,CLE,Regular,Self-Employed,2024-06-05
10488,19,Female,CHI,Regular,Employed,2025-05-01
10489,55,Female,BUF,Regular,Employed,2024-05-13
10490,56,Male,IND,Casual,Employed,2024-05-27
10491,43,Female,DET,Casual,Employed,2024-12-01
10492,63,Female,COL,Regular,Self-Employed,2024-03-11
10493,67,Male,CHI,Casual,Employed,2024-08-20
10494,32,Female,CLE,Regular,Student,2024-11-29
10495,51,Prefer not to say,DET,VIP,Employed,2025-10-27
10496,59,Male,CHI,Casual,Employed,2024-03-30
10497,61,Female,COL,Loyal,Retired,2024-11-29
10498,66,Male,CLE,Casual,Employed,2024-07-17
10499,57,Female,BUF,Regular,Employed,2024-06-09
10500,28,Female,BUF,VIP,Employed,2025-06-21
10501,20,Female,COL,Casual,Employed,2024-04-30
10502,23,Female,PIT,Casual,Employed,2024-10-27
10503,26,Male,CHI,Regular,Employed,2025-07-28
10504,23,Female,IND,Casual,Student,2025-03-11
10505,26,Female,COL,Loyal,Employed,2024-03-08
10506,56,Male,CLE,Loyal,Employed,2025-04-03
10507,48,Female,BUF,Regular,Employed,2025-05-28
10508,49,M,IND,Casual,Employed,2025-02-01
10509,58,Male,BUF,Regular,Student,2025-09-11
10510,67,Female,CIN,Loyal,Unemployed,2024-10-12
10511,29,Female,COL,Casual,Employed,2025-07-14
10512,25,Male,DET,Regular,Retired,2024-05-19
10513,25,Prefer not to say,BUF,Regular,Employed,2025-07-09
10514,67,Male,IND,Regular,Employed,2025-08-12
10515,45,Male,CLE,Casual,Employed,2025-09-01
10516,37,Male,CLE,Regular,Employed,2024-10-08
10517,64,Female,DET,Casual,Employed,2025-10-22
10518,24,Female,IND,Casual,Employed,2025-07-31
10519,28,Male,BUF,Loyal,Employed,2025-04-01
10520,37,Male,CLE,Loyal,Retired,2024-03-27
10521,33,Female,COL,Casual,Employed,2024-03-19
10522,21,Male,DET,Casual,Employed,2024-07-23
10523,23,Female,BUF,Casual,Student,2024-12-02
10524,39,Female,IND,Casual,Employed,2024-09-10
10525,43,Female,IND,Casual,Employed,2024-10-30
10526,20,Prefer not to say,DET,Casual,Student,2025-01-14
10527,58,Male,DET,Regular,Retired,2024-05-09
10528,59,Prefer not to say,CHI,Loyal,Self-Employed,2025-08-18
10529,31,Female,CLE,Regular,Student,2024-10-02
10530,28,Female,IND,Regular,Student,2025-07-11
10531,35,Male,IND,Casual,Unemployed,2024-07-01
10532,29,Female,BUF,VIP,Employed,2024-09-24
10533,40,Male,BUF,Loyal,Employed,2024-11-17
10534,29,Male,PIT,Loyal,Employed,2025-05-26
10535,30,Male,CIN,Loyal,Employed,2025-09-03
10536,42,Female,BUF,VIP,Student,2024-03-18
10537,62,Female,IND,Regular,Student,2024-12-04
10538,68,Female,CHI,Casual,Employed,2025-07-09
10539,36,Female,DET,Regular,Employed,2025-05-23
10540,63,Male,CLE,Loyal,Student,2024-08-25
10541,53,Female,BUF,Loyal,Employed,2024-05-13
10542,62,Male,COL,Regular,Student,2024-07-10
10543,25,Female,CHI,Casual,Employed,2024-12-21
10544,46,Female,COL,Casual,Employed,2024-10-04
10545,70,Female,COL,VIP,Employed,2024-01-18
10546,49,Female,CHI,Regular,Employed,2025-06-07
10547,68,Male,CLE,Regular,Self-Employed,2024-06-28
10548,61,Female,COL,Casual,Retired,2024-05-02
10549,35,Female,PIT,Casual,Student,2024-09-02
10550,23,Male,CIN,Loyal,Employed,2025-01-07
10551,35,Male,PIT,Regular,Employed,2024-02-20
10552,36,Female,IND,Loyal,Student,2024-03-11
10553,39,Female,PIT,Regular,Self-Employed,2025-04-24
10554,54,Male,PIT,Regular,Employed,2025-07-13
10555,49,Male,IND,Casual,Employed,2024-01-19
10556,58,Female,DET,Regular,Student,2024-03-24
10557,20,Female,CLE,Regular,Employed,2024-06-03
10558,45,Male,CLE,Regular,Employed,2025-07-18
10559,27,Male,CIN,Regular,Employed,2025-09-10
10560,68,Male,COL,VIP,Employed,2024-12-22
10561,52,Male,COL,Casual,Self-Employed,2025-10-08
10562,46,Male,CHI,Loyal,Unemployed,2025-03-18
10563,32,Female,CLE,Casual,Employed,2024-03-09
10564,50,Female,CLE,Regular,Employed,2025-06-06
10565,24,Female,CHI,Casual,Employed,2024-05-22
10566,29,Male,COL,Casual,Employed,2024-07-10
10567,66,Female,DET,Regular,Employed,2025-01-21
10568,47,Female,DET,Casual,Employed,2025-01-12
10569,38,Prefer not to say,IND,Regular,Employed,2025-08-03
10570,48,Female,CHI,VIP,Employed,2025-06-18
10571,41,Male,PIT,Casual,Employed,2024-10-19
10572,37,Female,CIN,Loyal,Employed,2024-01-09
10573,54,Male,DET,Casual,Employed,2024-09-27
10574,21,Female,COL,Regular,Employed,2025-01-21
10575,45,Male,IND,Casual,Unemployed,2024-04-02
10576,61,Male,BUF,Casual,Employed,2025-06-12
10577,37,Female,CLE,Casual,Employed,2024-06-02
10578,41,Male,BUF,Casual,Retired,2025-02-08
10579,67,Female,PIT,Casual,Unemployed,2024-05-28
10580,66,Male,CHI,Regular,Employed,2024-09-23
10581,68,Female,DET,Loyal,Self-Employed,2025-02-25
10582,49,Female,BUF,Loyal,Employed,2025-09-09
10583,58,Female,PIT,Regular,Employed,2025-04-16
10584,53,Male,CHI,Casual,Employed,2025-06-30
10585,70,Male,COL,Casual,Student,2025-09-22
10586,51,Male,CHI,Casual,Student,2025-06-09
10587,53,Male,CLEV,Casual,Employed,2025-05-17
10588,19,Female,CLE,Regular,Employed,2024-01-14
10589,32,Non-Binary,CLE,Regular,Student,2025-10-13
10590,51,Female,CLE,Casual,Employed,2024-12-29
10591,53,Female,CLE,Casual,Employed,2024-04-28
10592,23,Female,COL,Loyal,Student,2024-08-25
10593,56,Female,CLE,Loyal,Student,2025-06-29
10594,59,Male,CHI,Casual,Self-Employed,2024-06-17
10595,68,Female,IND,Loyal,Retired,2025-06-05
10596,68,Female,DET,VIP,Employed,2025-09-25
10597,29,Female,COL,Casual,Student,2025-10-18
10598,20,Male,CLE,Casual,Employed,2025-05-30
10599,62,Male,CLE,Regular,Employed,2025-01-31
10600,35,Female,CLE,VIP,Employed,2024-04-15
10601,57,Female,CLE,Loyal,Employed,2024-03-25
10602,38,Female,CHI,Casual,Employed,2024-08-01
10603,32,Male,CLE,Casual,Employed,2024-04-30
10604,50,Prefer not to say,CLE,Regular,Self-Employed,2024-05-11
10605,52,Male,CLE,Regular,Employed,2024-07-15
10606,43,Male,DET,Casual,Employed,2024-01-19
10607,25,Male,CHI,Loyal,Unemployed,2025-10-03
10608,53,Female,DET,Regular,Employed,2024-01-12
10609,65,Female,PIT,Loyal,Employed,2024-03-21
10610,47,Male,COL,Loyal,Employed,2024-11-25
10611,40,Female,CLE,Loyal,Employed,2025-01-26
10612,59,Male,CIN,Regular,Employed,2025-09-28
10613,61,Female,COL,Regular,Employed,2024-11-02
10614,31,Female,CLE,Casual,Employed,2024-09-23
10615,31,Female,IND,Regular,Employed,2025-03-22
10616,19,Male,BUF,Casual,Employed,2025-03-16
10617,54,Prefer not to say,CLE,Regular,Employed,2025-10-13
10618,22,Female,CHI,Casual,Student,2024-01-02
10619,55,Male,CIN,Casual,Self-Employed,2025-06-03
10620,62,Female,CIN,Casual,Employed,2025-10-12
10621,58,Male,CLE,Casual,Employed,2025-09-27
10622,64,Female,CHI,Regular,Student,2024-11-04
10623,31,Male,DET,Loyal,Employed,2025-06-05
10624,56,Female,PIT,Regular,Employed,2025-04-13
10625,42,Female,COL,Casual,Employed,2024-07-30
10626,37,Male,DET,Casual,Retired,2024-04-21
10627,19,Male,DET,Casual,Self-Employed,2024-01-08
10628,56,Male,CIN,Casual,Employed,2025-04-21
10629,23,Female,CLE,Loyal,Student,2025-04-04
10630,34,Male,CHI,Casual,Employed,2024-09-09
10631,42,Female,COL,Casual,Student,2025-06-09
10632,45,Male,IND,Casual,Employed,2025-03-13
10633,19,Male,PIT,Casual,Employed,2025-10-22
10634,52,Female,PIT,Regular,Student,2024-08-23
10635,54,Male,CLE,Regular,Employed,2024-11-01
10636,22,Female,DET,Casual,Employed,2025-04-22
10637,18,Female,PIT,Casual,Retired,2024-01-20
10638,57,Female,CHI,Casual,Employed,2024-08-03
10639,29,Female,CHI,Casual,Employed,2024-05-14
10640,53,Female,DET,Casual,Employed,2024-05-08
10641,62,Male,CLE,VIP,Self-Employed,2025-02-13
10642,40,Male,CHI,Regular,Student,2025-02-25
10643,64,Male,CLEV,Regular,Employed,2024-10-20
10644,48,Female,CHI,Casual,Student,2024-09-02
10645,28,Male,CLE,Regular,Employed,2025-07-09
10646,27,Female,IND,Regular,Self-Employed,2024-03-26
10647,20,Prefer not to say,COL,Regular,Employed,2025-07-09
10648,31,Female,COL,Regular,Employed,2025-01-09
10649,33,Female,CIN,Casual,Retired,2025-03-21
10650,27,Male,PIT,Regular,Employed,2025-01-12
10651,46,Female,CLE,Casual,Employed,2025-01-24
10652,27,Female,PIT,Loyal,Employed,2025-10-18
10653,29,Male,COL,Regular,Unemployed,2024-02-20
10654,47,Male,CIN,Regular,Employed,2024-08-29
10655,58,Female,DET,Casual,Employed,2024-10-20
10656,18,Female,CLE,Regular,Employed,2025-07-16
10657,22,Female,CHI,Casual,Employed,2024-09-22
10658,37,Female,DET,Casual,Employed,2024-04-29
10659,25,F,COL,Casual,Student,2024-09-04
10660,60,Female,PIT,Regular,Unemployed,2024-03-10
10661,29,Male,CHI,Casual,Employed,2024-02-26
10662,18,Male,BUF,Casual,Employed,2025-01-16
10663,37,Male,COL,Loyal,Employed,2024-02-08
10664,45,Female,CHI,Casual,Employed,2025-03-18
10665,60,Female,CLE,Regular,Retired,2024-01-18
10666,54,Female,CLE,Casual,Employed,2024-12-17
10667,64,Male,CHI,Casual,Employed,2024-10-24
10668,54,Female,CLE,Loyal,Student,2024-10-09
10669,29,Female,CLE,Casual,Employed,2025-08-08
10670,54,Female,CHI,Regular,Student,2024-04-19
10671,66,Female,CLE,Regular,Employed,2024-06-28
10672,66,Male,IND,Regular,Self-Employed,2025-06-27
10673,61,Female,CLE,Regular,Unemployed,2024-01-25
10674,45,Male,PIT,Casual,Student,2024-02-26
10675,64,Male,DET,Casual,Unemployed,2024-06-28
10676,32,Female,BUF,Loyal,Employed,2024-08-19
10677,23,Female,CLE,Regular,Employed,2024-12-08
10678,61,Non-Binary,DET,Loyal,Employed,2025-04-21
10679,37,Female,BUF,Loyal,Employed,2025-07-29
10680,67,Female,IND,Loyal,Employed,2025-03-30
10681,31,Female,IND,Regular,Employed,2024-08-19
10682,19,Female,CHI,Casual,Employed,2024-10-15
10683,26,F,CLE,Loyal,Employed,2024-07-31
10684,54,Male,COL,Regular,Employed,2024-09-14
10685,37,Male,BUF,Casual,Student,2025-06-13
10686,43,Female,PIT,Loyal,Employed,2024-08-16
10687,46,Male,PIT,Loyal,Employed,2024-08-13
10688,18,Male,CHI,Regular,Employed,2025-08-18
10689,52,Male,CIN,Casual,Employed,2025-03-10
10690,23,Prefer not to say,CLE,Casual,Retired,2025-02-05
10691,54,Male,CHI,Loyal,Employed,2025-09-13
10692,70,Female,DET,Loyal,Employed,2024-03-28
10693,22,Male,PIT,Casual,Self-Employed,2025-08-06
10694,50,Female,CHI,Casual,Employed,2025-06-25
10695,66,Male,CLE,Loyal,Employed,2024-11-04
10696,68,Male,COL,Casual,Employed,2024-12-08
10697,31,Female,CHI,Regular,Retired,2025-03-11
10698,29,Male,COL,VIP,Employed,2024-06-25
10699,59,Male,CLE,Casual,Employed,2024-05-18
10700,37,Male,PIT,Regular,Employed,2024-07-12
10701,70,Male,PIT,Casual,Employed,2024-07-04
10702,67,Male,CLE,Casual,Employed,2024-08-05
10703,41,Male,CHI,Loyal,Employed,2024-06-12
10704,60,Female,CLE,Regular,Employed,2024-06-09
10705,51,Female,CLE,VIP,Retired,2025-06-08
10706,42,Female,BUF,Regular,Self-Employed,2025-08-23
10707,67,Male,CHI,Casual,Employed,2024-02-11
10708,46,Non-Binary,CIN,Casual,Self-Employed,2024-07-28
10709,56,Male,CHI,Casual,Employed,2024-10-01
10710,48,Male,COL,Casual,Employed,2024-10-05
10711,64,Female,CIN,Casual,Student,2024-09-07
10712,60,Male,COL,Casual,Self-Employed,2024-11-05
10713,67,Male,DET,Regular,Self-Employed,2024-05-19
10714,40,Female,DET,Loyal,Employed,2025-06-29
10715,61,Female,CHI,Regular,Unemployed,2025-06-13
10716,55,Female,BUF,Regular,Employed,2024-02-26
10717,37,Female,IND,Casual,Retired,2024-04-21
10718,40,Prefer not to say,BUF,Casual,Unemployed,2024-01-05
10719,62,Male,CLE,Regular,Employed,2025-02-13
10720,69,Male,CIN,Regular,Student,2025-02-17
10721,33,Male,BUF,Casual,Employed,2024-06-30
10722,67,Male,CLE,Loyal,Employed,2024-01-13
10723,59,Male,CLE,Loyal,Employed,2024-12-04
10724,25,Female,CIN,Regular,Employed,2024-09-15
10725,67,Female,PIT,Casual,Retired,2024-03-30
10726,38,Female,IND,Loyal,Student,2025-09-07
10727,18,F,CLE,Regular,Employed,2024-09-06
10728,25,Female,CIN,Loyal,Self-Employed,2024-09-11
10729,46,Non-Binary,CHI,Loyal,Unemployed,2025-08-10
10730,49,Female,CLE,Loyal,Employed,2024-04-17
10731,55,Male,CLE,Regular,Unemployed,2025-10-29
10732,22,Female,IND,Casual,Employed,2025-08-16
10733,64,Male,COL,Regular,Self-Employed,2025-08-11
10734,39,Male,PIT,Regular,Employed,2025-04-29
10735,64,Male,CHI,Loyal,Employed,2024-09-14
10736,51,Female,IND,Casual,Employed,2025-09-30
10737,18,Female,DET,Casual,Student,2024-10-08
10738,43,Male,IND,Loyal,Employed,2024-03-28
10739,60,Male,DET,Loyal,Employed,2024-07-22
10740,27,Male,DET,Loyal,Employed,2024-01-16
10741,47,Male,DET,Loyal,Retired,2024-05-30
10742,67,Male,CHI,Regular,Employed,2024-09-10
10743,35,Male,CIN,Regular,Employed,2024-07-06
10744,34,Female,PIT,Loyal,Employed,2024-11-24
10745,43,Male,CHI,Regular,Employed,2025-06-27
10746,25,Male,IND,Regular,Self-Employed,2025-01-31
10747,64,Male,DET,Casual,Self-Employed,2025-05-31
10748,57,Non-Binary,PIT,Regular,Employed,2025-04-03
10749,66,Female,IND,Regular,Employed,2024-11-25
10750,29,Female,COL,Casual,Self-Employed,2024-06-17
10751,44,Male,CLE,Casual,Employed,2024-12-31
10752,25,Female,BUF,Casual,Self-Employed,2024-06-26
10753,42,Male,COL,Casual,Student,2025-10-16
10754,63,Female,CHI,Casual,Self-Employed,2024-12-27
10755,21,Female,CLE,Regular,Employed,2025-09-30
10756,50,Female,CIN,Loyal,Employed,2024-02-09
10757,18,Female,COL,Regular,Unemployed,2025-02-19
10758,36,Female,PIT,Casual,Employed,2024-12-20
10759,48,Male,IND,Casual,Employed,2024-09-11
10760,33,Female,CIN,Regular,Employed,2024-05-22
10761,31,Male,CLE,Casual,Student,2025-07-30
10762,70,Female,CHI,Loyal,Employed,2024-01-11
10763,65,Male,CLEV,Regular,Employed,2025-09-11
10764,22,Male,CIN,Loyal,Employed,2024-01-26
10765,58,Male,CLE,Casual,Employed,2025-02-24
10766,43,Male,PIT,Regular,Self-Employed,2025-10-24
10767,45,Female,CIN,Casual,Employed,2024-08-08
10768,19,Female,IND,VIP,Employed,2025-05-10
10769,67,Male,CHI,Regular,Student,2024-08-24
10770,23,Male,IND,Casual,Employed,2024-08-24
10771,26,Female,CLE,Casual,Employed,2024-08-06
10772,50,Male,IND,Casual,Employed,2025-05-01
10773,58,Female,CLE,Regular,Employed,2025-04-05
10774,42,Female,DET,Casual,Employed,2025-10-24
10775,65,Female,CIN,Regular,Employed,2025-09-26
10776,30,Female,CLE,Casual,Employed,2024-05-23
10777,26,Male,CHI,Regular,Employed,2024-07-07
10778,70,Female,CIN,Loyal,Employed,2024-09-11
10779,30,Male,CIN,Loyal,Employed,2024-03-08
10780,48,Male,COL,Loyal,Employed,2025-09-07
10781,58,Female,COL,Casual,Self-Employed,2024-12-01
10782,28,Male,PIT,Casual,Employed,2025-02-12
10783,21,Female,CHI,Regular,Employed,2024-10-26
10784,51,Female,CHI,Casual,Employed,2025-08-24
10785,55,Female,CLE,Regular,Employed,2024-12-22
10786,63,Female,IND,Casual,Employed,2024-09-12
10787,21,Male,COL,Casual,Employed,2024-12-18
10788,55,Male,DET,Casual,Retired,2025-06-04
10789,36,Female,DET,Loyal,Employed,2025-06-07
10790,23,Male,BUF,Casual,Unemployed,2024-10-10
10791,51,Female,CLE,Regular,Employed,2024-11-07
10792,35,Female,COL,Casual,Employed,2024-04-08
10793,30,Female,PIT,Regular,Employed,2024-07-15
10794,58,Male,COL,Casual,Employed,2025-04-26
10795,40,Male,CLE,Loyal,Employed,2024-08-13
10796,36,Male,IND,Loyal,Student,2025-09-06
10797,62,Male,BUF,Casual,Employed,2025-09-09
10798,28,Female,PIT,Loyal,Unemployed,2024-12-30
10799,18,Male,COL,VIP,Self-Employed,2025-01-02
10800,41,Male,BUF,Loyal,Employed,2025-07-23
10801,24,Male,COL,Loyal,Employed,2025-08-12
10802,42,Female,CLE,Casual,Employed,2024-03-15
10803,38,Female,PIT,Regular,Employed,2024-02-11
10804,32,Male,COL,Casual,Employed,2025-02-25
10805,18,Male,DET,Casual,Employed,2024-06-29
10806,29,Male,CIN,VIP,Employed,2025-06-28
10807,24,Male,BUF,Casual,Employed,2024-03-11
10808,32,Female,BUF,Loyal,Unemployed,2025-07-21
10809,38,Female,DET,Loyal,Student,2024-04-14
10810,36,Male,CLE,Loyal,Unemployed,2024-07-18
10811,46,M,BUF,VIP,Employed,2024-04-10
10812,42,Prefer not to say,IND,Casual,Employed,2024-11-02
10813,50,Male,CLE,Casual,Employed,2025-08-08
10814,66,Female,BUF,Casual,Employed,2025-01-11
10815,49,Male,IND,Casual,Employed,2025-10-16
10816,66,Female,PIT,Casual,Student,2025-02-02
10817,52,Male,COL,Casual,Student,2024-08-08
10818,61,Female,DET,Loyal,Employed,2025-08-17
10819,55,M,CLE,Regular,Employed,2024-06-30
10820,43,Male,CHI,Casual,Employed,2024-11-02
10821,28,Male,CIN,Regular,Employed,2025-06-05
10822,52,Male,CLE,Casual,Employed,2025-01-30
10823,25,Male,CHI,Casual,Employed,2024-01-04
10824,63,Male,DET,Loyal,Employed,2024-10-07
10825,31,Male,PIT,Regular,Unemployed,2024-08-02
10826,27,Female,BUF,Loyal,Employed,2025-09-01
10827,19,Male,CHI,Casual,Student,2025-02-23
10828,63,Male,CHI,Loyal,Employed,2024-04-10
10829,26,Female,CIN,Regular,Employed,2025-06-04
10830,20,Male,DET,Regular,Employed,2025-07-26
10831,38,Non-Binary,CHI,Regular,Employed,2024-11-04
10832,43,Male,DET,Loyal,Employed,2025-10-19
10833,25,Female,CLE,Regular,Self-Employed,2025-05-24
10834,65,Female,CLE,Regular,Student,2024-03-03
10835,19,Female,PIT,VIP,Employed,2025-09-24
10836,23,Prefer not to say,DET,Loyal,Employed,2024-08-13
10837,45,Male,BUF,Regular,Retired,2024-04-14
10838,70,Prefer not to say,DET,Regular,Employed,2025-02-28
10839,46,Male,COL,Casual,Employed,2024-09-11
10840,43,Male,COL,Casual,Employed,2025-03-04
10841,42,Male,CLE,Regular,Self-Employed,2025-03-09
10842,29,Female,COL,VIP,Unemployed,2024-07-25
10843,22,Male,CLE,VIP,Employed,2024-01-28
10844,51,Female,BUF,Casual,Retired,2024-12-01
10845,65,Female,CLE,Regular,Self-Employed,2025-08-10
10846,54,Female,DET,Casual,Employed,2025-09-19
10847,32,F,CLE,VIP,Employed,2024-03-09
10848,61,Male,BUF,VIP,Employed,2025-05-27
10849,53,Male,PIT,Regular,Unemployed,2024-06-15
10850,32,Male,COL,Loyal,Employed,2025-01-02
10851,60,Male,CLE,Regular,Self-Employed,2024-09-07
10852,65,Male,CIN,Regular,Employed,2024-06-18
10853,40,Male,CHI,Casual,Student,2024-03-30
10854,23,Male,IND,Regular,Employed,2025-07-14
10855,63,Prefer not to say,CHI,Regular,Employed,2025-03-21
10856,67,Female,CLE,Regular,Self-Employed,2024-10-20
10857,61,Male,CLE,Casual,Self-Employed,2024-05-29
10858,60,Female,DET,VIP,Retired,2024-05-11
10859,62,Male,PIT,Casual,Employed,2025-03-08
10860,38,Male,CLE,Regular,Student,2024-02-28
10861,40,Female,CIN,Regular,Employed,2024-07-17
10862,60,Female,DET,Regular,Employed,2024-08-02
10863,33,Male,PIT,Regular,Employed,2025-07-14
10864,64,Prefer not to say,DET,Casual,Employed,2025-04-16
10865,70,Female,DET,Casual,Employed,2024-09-03
10866,32,Female,PIT,Regular,Unemployed,2025-01-16
10867,42,Female,CLE,Regular,Employed,2024-08-26
10868,53,Female,CLE,Casual,Student,2025-01-01
10869,28,Male,IND,Regular,Employed,2024-06-16
10870,68,Male,BUF,Regular,Employed,2025-07-13
10871,32,Male,DET,Regular,Employed,2024-02-20
10872,21,Female,CHI,Loyal,Unemployed,2025-09-01
10873,38,Female,COL,Casual,Retired,2025-01-14
10874,30,Male,DET,Casual,Retired,2025-04-18
10875,39,Prefer not to say,CLE,Loyal,Unemployed,2024-03-20
10876,36,Female,CLE,Regular,Employed,2025-01-01
10877,51,Female,COL,Regular,Employed,2025-04-05
10878,31,Female,COL,Loyal,Student,2025-06-22
10879,21,Female,CLE,Loyal,Employed,2025-03-27
10880,65,Male,CHI,VIP,Employed,2025-04-08
10881,70,Female,CHI,Regular,Employed,2025-04-22
10882,69,Male,COL,Regular,Employed,2025-02-23
10883,63,Female,CLE,Casual,Employed,2024-08-01
10884,44,Male,CLE,Casual,Employed,2025-01-03
10885,46,Female,CIN,Regular,Employed,2024-04-23
10886,64,Non-Binary,CLE,Casual,Employed,2025-05-17
10887,45,Male,COL,VIP,Employed,2025-09-27
10888,52,Female,CHI,Regular,Employed,2025-08-10
10889,25,Prefer not to say,CLE,Regular,Self-Employed,2024-11-06
10890,33,Female,CHI,Casual,Employed,2025-04-13
10891,59,Female,CIN,Casual,Employed,2024-02-13
10892,53,Female,IND,Casual,Self-Employed,2025-02-18
10893,47,Male,IND,Regular,Employed,2024-09-02
10894,35,Male,DET,Casual,Employed,2024-03-24
10895,19,Male,COL,Regular,Student,2024-07-25
10896,66,Female,CHI,Loyal,Employed,2024-05-30
10897,30,Male,CHI,Loyal,Self-Employed,2025-10-29
10898,21,Female,IND,Regular,Student,2025-06-11
10899,43,Female,CLE,Casual,Employed,2024-06-13
10900,42,Female,CLE,Loyal,Employed,2024-05-24
10901,47,Female,CHI,Loyal,Employed,2024-02-06
10902,28,Prefer not to say,CLE,Casual,Employed,2024-11-28
10903,24,Male,CLE,Loyal,Employed,2025-02-06
10904,48,Female,COL,Casual,Employed,2025-02-17
10905,61,Female,DET,Loyal,Employed,2024-02-14
10906,27,Female,IND,VIP,Employed,2025-02-05
10907,56,Non-Binary,IND,Casual,Employed,2024-07-24
10908,30,Male,CHI,Loyal,Employed,2024-03-02
10909,48,Male,CHI,Regular,Employed,2025-02-23
10910,24,Female,CLEV,VIP,Student,2025-04-12
10911,66,Male,COL,Regular,Employed,2024-01-19
10912,59,Female,CHI,Loyal,Employed,2024-12-30
10913,59,Female,COL,Casual,Unemployed,2024-10-26
10914,53,Male,DET,Casual,Employed,2024-01-07
10915,37,Female,PIT,Casual,Employed,2025-03-03
10916,21,Male,DET,VIP,Employed,2024-04-26
10917,24,Female,CHI,Loyal,Student,2025-08-02
10918,18,Female,BUF,Loyal,Employed,2025-05-21
10919,61,Non-Binary,CIN,VIP,Employed,2025-06-29
10920,62,Male,CLE,Casual,Employed,2024-11-20
10921,59,Female,IND,Casual,Retired,2024-02-24
10922,64,Female,PIT,Casual,Employed,2024-02-11
10923,30,Female,IND,Casual,Employed,2024-10-23
10924,39,Female,CIN,Casual,Retired,2024-08-18
10925,38,F,DET,Regular,Employed,2025-03-28
10926,39,Male,CLE,Casual,Retired,2025-01-28
10927,45,Male,CHI,Casual,Employed,2025-06-05
10928,26,Female,PIT,Casual,Self-Employed,2024-12-23
10929,43,Male,COL,Casual,Employed,2025-03-19
10930,26,M,CHI,VIP,Self-Employed,2024-05-07
10931,32,Non-Binary,CLE,Loyal,Retired,2025-02-08
10932,27,Male,IND,VIP,Employed,2025-01-26
10933,41,Prefer not to say,BUF,Regular,Employed,2024-07-11
10934,59,Female,PIT,Casual,Employed,2025-08-26
10935,25,Female,CLE,Loyal,Employed,2024-03-18
10936,41,Male,CHI,Casual,Employed,2024-03-25
10937,33,Male,CLE,Casual,Employed,2024-01-30
10938,66,Female,BUF,Casual,Employed,2024-02-18
10939,43,Female,CLE,Casual,Employed,2024-05-24
10940,44,Female,PIT,Casual,Employed,2024-03-09
10941,54,Male,CHI,Casual,Employed,2024-02-27
10942,21,Female,PIT,Regular,Employed,2025-07-27
10943,67,Female,COL,Casual,Employed,2025-04-23
10944,41,Female,IND,Casual,Employed,2025-03-20
10945,36,Female,CHI,Loyal,Employed,2024-10-22
10946,53,Female,CLE,Casual,Employed,2024-06-19
10947,56,Female,CLE,Casual,Employed,2025-07-28
10948,27,Male,IND,Loyal,Employed,2024-05-26
10949,42,Female,IND,Casual,Self-Employed,2025-04-28
10950,35,Male,COL,Casual,Employed,2024-11-01
10951,36,Male,COL,Regular,Student,2025-10-14
10952,53,Male,COL,Casual,Student,2025-08-31
10953,27,Male,CLE,Regular,Self-Employed,2025-03-21
10954,50,Male,BUF,Loyal,Retired,2024-08-08
10955,67,Male,DET,Casual,Employed,2025-07-08
10956,22,Female,DET,Regular,Employed,2025-01-12
10957,64,Non-Binary,PIT,Regular,Retired,2025-09-11
10958,66,Male,CLE,Casual,Employed,2024-09-22
10959,52,Non-Binary,CLE,Regular,Employed,2024-04-04
10960,61,Female,CIN,Casual,Student,2024-09-18
10961,51,Male,CLE,Regular,Student,2024-03-11
10962,50,Male,COL,Casual,Retired,2024-08-06
10963,38,Female,CHI,Regular,Unemployed,2025-06-16
10964,34,Female,DET,Casual,Student,2024-04-01
10965,39,Female,CHI,Loyal,Employed,2024-05-06
10966,65,Male,CHI,Casual,Retired,2024-03-20
10967,54,Male,COL,Casual,Employed,2024-08-25
10968,32,Male,CHI,Regular,Employed,2025-01-06
10969,52,Male,PIT,Loyal,Retired,2025-04-30
10970,45,Male,DET,Regular,Employed,2024-01-25
10971,24,Male,COL,Regular,Employed,2024-06-04
10972,49,Female,BUF,Loyal,Employed,2025-05-31
10973,28,Non-Binary,CIN,Loyal,Self-Employed,2025-09-23
10974,27,Male,CHI,Casual,Employed,2025-06-13
10975,26,Female,CLE,Regular,Student,2024-02-26
10976,31,Male,CHI,Loyal,Employed,2025-08-27
10977,30,Female,COL,VIP,Self-Employed,2024-01-19
10978,42,Male,CLE,Loyal,Self-Employed,2025-01-18
10979,19,Female,PIT,Casual,Employed,2024-07-11
10980,52,Prefer not to say,COL,Casual,Employed,2024-08-24
10981,24,Female,CHI,Regular,Employed,2025-01-21
10982,38,Male,CIN,Loyal,Unemployed,2025-03-01
10983,35,Female,CLE,Regular,Student,2024-10-03
10984,20,Male,CLE,Regular,Retired,2024-08-14
10985,59,Female,CIN,Loyal,Employed,2025-07-05
10986,56,Female,PIT,Casual,Self-Employed,2024-11-18
10987,58,Male,COL,Loyal,Self-Employed,2024-06-01
10988,66,Female,DET,Casual,Student,2025-09-30
10989,28,Female,CHI,Casual,Unemployed,2024-08-24
10990,56,Male,IND,Regular,Employed,2024-02-24
10991,41,Female,CIN,Loyal,Employed,2025-03-11
10992,63,Male,COL,Casual,Student,2024-04-18
10993,36,Female,CHI,Casual,Student,2024-07-02
10994,21,Female,COL,VIP,Employed,2025-01-02
10995,43,Female,DET,Casual,Employed,2024-07-16
10996,55,Female,CLE,Regular,Employed,2025-01-05
10997,59,Female,BUF,Regular,Employed,2025-01-07
10998,49,Male,CLE,Regular,Employed,2025-05-11
10999,56,Female,BUF,Regular,Student,2025-08-21
11000,62,Male,DET,Casual,Self-Employed,2024-07-19
