product_id,product_name,category,brand,price
2001,Classic Logo T-Shirt,Apparel,Lakeview Premium,50.2
2002,Performance T-Shirt,Equipment,Lakeview Fanwear,16.22
2003,Pullover Hoodie,Headwear,Lakeview Sports,102.51
2004,Quarter Zip,Collectibles,Lakeview Fanwear,83.99
2005,Replica Jersey,Collectibles,Lakeview Fanwear,75.13
2006,Premium Jersey,Headwear,Lakeview Sports,145.53
2007,Training Shorts,Headwear,Lakeview Premium,92.1
2008,Athletic Pants,Collectibles,Lakeview Fanwear,131.55
2009,Classic Cap,Accessories,Lakeview Sports,33.82
2010,Performance Cap,Apparel,Lakeview Fanwear,91.83
2011,Beanie,Apparel,Lakeview Premium,132.17
2012,Snapback,Collectibles,Lakeview Premium,93.71
2013,Logo Mug,Headwear,Lakeview Premium,111.92
2014,Travel Tumbler,Accessories,Lakeview Sports,65.22
2015,Water Bottle,Collectibles,Lakeview Sports,27.47
2016,Keychain,Apparel,Lakeview Premium,76.81
2017,Mini Helmet,Equipment,Lakeview Sports,68.24
2018,Signed Baseball,Headwear,Lakeview Premium,132.04
2019,Signed Basketball,Equipment,Lakeview Sports,47.93
2020,Team Pennant,Collectibles,Lakeview Premium,145.5
2021,Scarf,Apparel,Lakeview Fanwear,144.34
2022,Sunglasses,Accessories,Lakeview Premium,48.42
2023,Backpack,Equipment,Lakeview Premium,61.98
2024,Duffel Bag,Accessories,Lakeview Sports,135.89
2025,Youth T-Shirt,Apparel,Lakeview Sports,145.48
2026,Youth Hoodie,Equipment,Lakeview Sports,74.85
2027,Performance Polo,Accessories,Lakeview Sports,58.32
2028,Golf Polo,Accessories,Lakeview Sports,86.01
2029,Limited Edition Tee,Equipment,Lakeview Sports,107.84
2030,Championship Collection,Apparel,Lakeview Fanwear,51.91
